"Player","Team","REC","YDS","TDS","FL","FPTS"
" ","",""
"Trey McBride","ARI","113.4","1,077.7","6.8","0.2","261.4"
"Brock Bowers","LV","93.2","993.1","7.8","0.2","238.8"
"Colston Loveland","CHI","80.4","948.4","7.0","0.2","217.0"
"Tyler Warren","IND","85.3","887.8","5.6","0.3","207.0"
"Kyle Pitts Sr.","ATL","81.0","896.2","5.1","0.1","201.1"
"Harold Fannin Jr.","CLE","79.6","823.8","5.6","0.8","193.9"
"Sam LaPorta","DET","75.1","846.9","5.7","0.2","193.6"
"Dallas Goedert","PHI","67.8","703.0","8.3","0.2","187.5"
"Travis Kelce","KC","75.6","789.3","5.2","0.3","185.2"
"George Kittle","SF","67.8","770.4","6.1","0.1","181.1"
"Tucker Kraft","GB","60.0","772.5","7.0","0.2","178.8"
"Isaiah Likely","NYG","66.4","789.4","5.6","1.3","176.1"
"Jake Ferguson","DAL","75.7","619.5","6.4","1.4","173.3"
"Dalton Kincaid","BUF","59.1","730.7","5.7","0.2","166.1"
"Mark Andrews","BAL","57.0","586.9","8.1","0.3","163.5"
"Brenton Strange","JAC","64.5","701.1","4.5","0.2","161.2"
"Juwan Johnson","NO","67.2","750.8","3.4","1.3","159.9"
"Hunter Henry","NE","56.9","674.3","5.6","0.1","157.7"
"Dalton Schultz","HOU","65.3","622.1","3.5","0.2","148.4"
"Kenyon Sadiq","NYJ","57.0","609.1","5.2","0.7","147.5"
"T.J. Hockenson","MIN","65.9","576.5","3.4","0.2","143.6"
"Cade Otton","TB","57.5","594.3","3.2","0.1","136.1"
"Pat Freiermuth","PIT","53.0","557.8","3.9","0.2","131.5"
"Greg Dulcich","MIA","53.5","607.3","2.8","1.2","128.4"
"Chig Okonkwo","WAS","52.4","576.9","2.6","0.1","125.5"
"Oronde Gadsden II","LAC","47.2","588.3","3.4","0.7","124.9"
"AJ Barner","SEA","45.9","451.7","5.3","0.2","122.4"
"Mike Gesicki","CIN","44.6","465.1","3.8","0.1","113.6"
"Evan Engram","DEN","51.7","466.7","2.6","0.1","113.6"
"Terrance Ferguson","LAR","34.2","507.6","4.5","0.1","111.7"
"Gunnar Helm","TEN","49.9","425.4","3.2","0.2","111.0"
"David Njoku","LAC","37.3","371.3","4.6","0.1","101.6"
"Colby Parkinson","LAR","34.5","366.1","4.3","0.6","95.9"
"Mason Taylor","NYJ","41.8","345.3","2.6","0.1","91.5"
"Michael Mayer","LV","38.4","355.9","1.7","0.1","83.7"
"Dawson Knox","BUF","30.0","329.0","2.9","0.1","80.0"
"Darnell Washington","PIT","33.0","345.0","1.9","0.6","77.8"
"Theo Johnson","NYG","27.6","310.8","3.2","0.1","77.7"
"Tyler Higbee","LAR","27.6","326.7","2.6","0.0","76.0"
"Ja'Tavion Sanders","CAR","32.4","266.7","2.0","0.1","71.1"
"Noah Fant","NO","32.1","299.9","1.5","1.6","67.9"
"Tommy Tremble","CAR","27.3","256.0","2.0","0.1","64.4"
"Will Kacmarek","MIA","26.7","250.9","1.9","0.6","61.9"
"Elijah Arroyo","SEA","24.1","264.1","1.7","0.2","60.4"
"Erick All Jr.","CIN","26.1","227.8","1.6","0.1","58.5"
"Austin Hooper","ATL","22.7","232.7","1.4","0.1","54.4"
"Josh Oliver","MIN","19.3","196.9","2.6","0.1","54.3"
"Cole Kmet","CHI","21.3","220.1","1.8","0.1","54.2"
"Eli Stowers","PHI","21.7","224.3","1.5","0.6","52.0"
"Brock Wright","DET","19.9","175.2","2.3","0.0","51.2"
"Daniel Bellinger","TEN","18.8","212.2","1.8","0.0","50.5"
"Charlie Kolar","LAC","16.2","203.7","2.3","0.0","50.2"
"Ben Sims","MIA","21.3","201.2","1.2","0.0","48.8"
"Luke Musgrave","GB","20.5","200.7","1.4","0.1","48.5"
"Adam Trautman","DEN","19.4","194.5","1.5","0.0","47.6"
"Noah Gray","KC","20.5","199.5","1.2","0.1","47.5"
"Jake Tonges","SF","18.6","180.6","1.5","0.1","45.6"
"Elijah Higgins","ARI","21.9","196.7","0.8","0.6","45.5"
"Marlin Klein","HOU","19.5","193.7","1.1","0.5","44.5"
"John Bates","WAS","18.4","174.2","1.6","0.6","44.0"
"Davis Allen","LAR","16.9","157.3","1.9","0.0","43.8"
"Jeremy Ruckert","NYJ","19.7","145.3","1.3","0.0","41.7"
"Julian Hill","NE","16.5","172.9","1.0","0.1","40.0"
"Drew Sample","CIN","17.3","146.1","1.2","0.1","38.6"
"Nate Boerkircher","JAC","14.4","155.3","1.3","0.5","36.6"
"Connor Heyward","LV","14.0","103.0","2.0","0.0","36.3"
"Mitchell Evans","CAR","15.0","136.0","1.0","0.1","34.3"
"Nick Vannett","LAR","11.0","103.0","2.0","0.0","33.3"
"Cade Stover","HOU","15.3","128.1","0.9","0.1","33.2"
"Eli Raridon","NE","13.0","142.2","1.1","0.5","32.9"
"Nate Adkins","DEN","11.9","88.8","1.8","0.0","31.8"
"Ben Sinnott","WAS","11.8","116.8","1.4","0.0","31.7"
"Grant Calcaterra","PHI","12.3","127.0","1.1","0.0","31.7"
"Jack Endries","CIN","13.0","122.0","1.0","0.0","31.2"
"Luke Schoonmaker","DAL","13.2","122.2","1.0","0.0","31.1"
"Charlie Woerner","ATL","14.5","127.5","0.6","0.0","30.7"
"Jackson Hawes","BUF","10.6","115.1","1.4","0.0","30.6"
"Hayden Rucci","SF","12.0","118.0","1.0","0.0","29.8"
"Will Mallory","IND","11.0","126.0","1.0","0.0","29.6"
"Tanner Hudson","CIN","13.1","110.2","0.9","0.1","29.2"
"Rivaldo Fairweather","ARI","12.0","109.0","1.0","0.0","28.9"
"Dallen Bentley","DEN","12.0","105.0","1.0","0.0","28.5"
"Foster Moreau","HOU","9.3","105.7","1.3","0.0","27.6"
"Tanner Conner","NYG","10.0","113.0","1.0","0.0","27.3"
"Mo Alie-Cox","IND","10.9","110.7","0.9","0.1","27.0"
"Jared Wiley","KC","11.0","96.0","1.0","0.0","26.6"
"Thomas Fidone II","NYG","10.0","101.0","1.0","0.0","26.1"
"Jaheim Bell","PIT","10.0","99.0","1.0","0.0","25.9"
"Jaren Kanak","TEN","10.0","91.0","1.0","0.0","25.1"
"Drake Dabney","GB","9.0","94.0","1.0","0.0","24.4"
"Seydou Traore","MIA","9.0","88.0","1.0","0.0","23.8"
"Durham Smythe","BAL","9.8","94.0","0.7","0.1","23.5"
"Devin Culp","TB","7.3","76.2","1.2","0.0","21.9"
"Payne Durham","TB","7.6","80.9","0.8","0.0","20.5"
"Max Klare","LAR","7.5","82.6","0.7","0.0","19.8"
"Oscar Delp","NO","7.5","75.7","0.6","0.0","18.7"
"Joe Royer","CLE","6.9","64.8","0.6","0.0","16.8"
"Hunter Long","JAC","5.0","44.5","1.0","0.0","15.5"
"Blake Whiteheart","CLE","7.1","62.9","0.3","0.1","15.3"
"Luke Farrell","SF","5.2","50.2","0.4","0.0","12.3"
"Cole Turner","MIA","4.5","44.0","0.5","0.0","11.9"
"Brevyn Spann-Ford","DAL","3.9","36.8","0.3","0.0","9.5"
"Tanner Koziol","JAC","3.9","36.6","0.3","0.0","9.2"
"Lucas Krull","DEN","3.9","35.4","0.3","0.0","9.0"
"Tyler Conklin","DET","3.7","38.0","0.3","0.0","8.9"
"Drew Ogletree","IND","3.7","35.3","0.3","0.0","8.6"
"Sam Roush","CHI","3.6","33.8","0.3","0.0","8.6"
"Josh Cuevas","BAL","3.3","35.8","0.3","0.0","8.6"
"Eric Saubert","SEA","3.4","34.4","0.3","0.0","8.6"
"Tip Reiman","ARI","3.8","34.5","0.2","0.0","8.4"
"Ian Thomas","LV","3.8","35.9","0.2","0.0","8.2"
"Riley Nowakowski","PIT","4.3","29.0","0.2","0.0","8.1"
"Chris Manhertz","NYG","1.8","16.2","0.1","0.0","4.2"
"Johnny Mundt","PHI","0.0","0.0","0.0","0.0","0.0"
"Quintin Morris","JAC","0.0","0.0","0.0","0.0","0.0"
"Jack Stoll","CLE","0.0","0.0","0.0","0.0","0.0"
"Jelani Woods","NYJ","0.0","0.0","0.0","0.0","0.0"
"CJ Dippre","NE","0.0","0.0","0.0","0.0","0.0"
""
""