"Player","Team","ATT","YDS","TDS","REC","YDS","TDS","FL","FPTS"
" ","","",""
"Bijan Robinson","ATL","294.4","1,437.3","9.7","77.2","753.2","3.7","1.8","373.3"
"Jahmyr Gibbs","DET","267.6","1,337.5","14.6","70.4","584.8","4.2","1.1","373.1"
"Christian McCaffrey","SF","258.3","1,043.6","8.8","74.2","658.7","5.0","1.1","325.1"
"Jonathan Taylor","IND","342.9","1,544.6","13.3","47.7","345.6","1.6","1.7","322.8"
"De'Von Achane","MIA","243.9","1,221.7","6.1","70.4","531.4","4.4","1.0","306.7"
"Chase Brown","CIN","237.9","1,024.3","8.2","68.1","451.1","3.9","1.1","286.0"
"Ashton Jeanty","LV","286.5","1,093.1","8.5","60.0","417.6","4.0","1.1","284.1"
"Derrick Henry","BAL","310.3","1,565.4","14.0","18.7","185.7","1.1","1.7","281.1"
"James Cook III","BUF","293.5","1,417.0","10.0","34.0","285.0","1.8","2.4","270.1"
"Saquon Barkley","PHI","303.0","1,346.8","7.8","41.1","334.1","2.1","1.0","267.0"
"Josh Jacobs","GB","292.1","1,164.7","13.0","36.0","287.6","1.3","1.3","264.6"
"Omarion Hampton","LAC","245.2","1,045.4","10.4","51.5","346.4","1.9","1.1","262.4"
"Breece Hall","NYJ","259.7","1,156.3","7.3","47.5","414.9","2.4","1.7","258.9"
"Jeremiyah Love","ARI","234.4","1,077.5","7.3","53.6","421.8","2.1","2.2","255.9"
"Kenneth Walker III","KC","252.6","1,149.8","8.0","46.5","358.5","0.8","0.9","248.1"
"Cam Skattebo","NYG","234.5","1,001.7","8.1","45.6","362.3","2.8","1.6","244.3"
"Kyren Williams","LAR","242.7","1,122.6","10.4","33.7","236.9","2.3","1.6","242.8"
"Travis Etienne Jr.","NO","255.5","1,053.7","5.5","45.8","367.1","3.5","1.0","240.2"
"Javonte Williams","DAL","260.9","1,174.7","11.1","33.1","179.8","1.3","1.6","239.2"
"Bucky Irving","TB","262.3","1,043.0","5.9","41.4","357.3","2.4","1.0","229.6"
"D'Andre Swift","CHI","233.7","1,055.7","8.6","32.6","291.3","1.1","1.0","223.2"
"Quinshon Judkins","CLE","296.2","1,106.4","8.6","31.9","225.5","0.4","0.9","217.2"
"Bhayshul Tuten","JAC","236.3","961.4","8.9","24.8","188.5","2.2","2.2","201.9"
"Rico Dowdle","PIT","216.7","948.9","6.7","33.6","238.9","1.5","1.0","200.0"
"TreVeyon Henderson","NE","189.5","879.0","6.9","38.1","253.9","1.3","0.9","198.8"
"Chuba Hubbard","CAR","221.3","887.2","5.0","39.0","272.8","2.3","1.5","196.0"
"Jaylen Warren","PIT","186.3","812.3","5.2","43.1","318.9","1.7","0.9","195.9"
"Rhamondre Stevenson","NE","176.2","752.5","6.8","36.7","332.3","1.9","2.1","193.3"
"Jadarian Price","SEA","224.2","942.9","7.9","24.2","222.2","1.2","2.0","191.2"
"Tony Pollard","TEN","243.6","1,055.5","5.8","30.9","191.7","0.2","2.1","187.6"
"David Montgomery","HOU","225.6","919.3","7.5","28.3","215.5","0.3","1.0","186.4"
"RJ Harvey","DEN","135.2","506.8","4.9","47.9","353.8","3.8","0.8","184.8"
"Kenneth Gainwell","TB","116.0","507.8","4.2","55.9","391.2","2.5","0.9","184.4"
"Aaron Jones Sr.","MIN","168.4","721.4","3.3","43.0","321.0","2.0","1.6","176.4"
"J.K. Dobbins","DEN","226.4","1,046.7","6.4","19.6","96.1","0.4","0.7","173.3"
"Kyle Monangai","CHI","199.0","838.5","5.7","24.3","207.5","0.6","0.7","165.7"
"Rachaad White","WAS","139.9","638.6","5.5","36.5","235.0","1.4","0.8","164.1"
"Jacory Croskey-Merritt","WAS","187.6","853.0","7.7","11.3","81.0","0.2","1.7","149.1"
"Tyjae Spears","TEN","97.6","387.0","3.4","48.8","320.8","0.8","0.7","143.1"
"Jordan Mason","MIN","178.4","825.8","6.2","15.7","82.7","0.2","1.0","142.7"
"Blake Corum","LAR","165.2","798.3","6.4","11.3","76.1","0.3","0.7","137.6"
"Zach Charbonnet","SEA","132.4","532.8","7.0","20.1","153.2","0.2","0.7","130.6"
"Woody Marks","HOU","146.4","569.2","3.0","22.6","189.6","2.2","0.8","127.7"
"Isiah Pacheco","DET","152.5","647.5","3.9","21.6","134.7","0.9","0.8","127.2"
"Jonathon Brooks","CAR","149.2","592.5","3.5","23.2","184.8","1.1","1.3","125.9"
"Alvin Kamara","NO","120.4","481.7","2.2","35.2","232.2","0.9","0.6","124.1"
"Justice Hill","BAL","56.4","273.4","2.2","34.7","302.0","1.8","0.2","115.9"
"Tyrone Tracy Jr.","NYG","120.6","514.9","2.2","24.0","182.5","1.3","0.8","113.1"
"Dylan Sampson","CLE","80.0","259.1","1.5","33.8","269.4","2.1","1.2","106.0"
"Tyler Allgeier","ARI","111.7","428.1","4.7","17.0","108.5","0.2","0.6","98.6"
"Samaje Perine","CIN","98.8","442.4","3.7","17.9","135.1","0.4","1.9","96.1"
"Ty Johnson","BUF","51.4","222.1","2.1","22.8","241.5","2.2","0.2","94.1"
"Jordan James","SF","102.3","416.6","3.2","16.2","148.5","0.7","1.2","93.4"
"AJ Dillon","CAR","123.0","500.0","3.0","16.0","132.0","1.0","5.0","93.2"
"Brian Robinson Jr.","ATL","129.8","563.7","4.3","6.9","43.3","0.1","0.7","93.0"
"Braelon Allen","NYJ","105.9","427.5","4.3","12.8","93.7","0.7","1.7","91.3"
"Chris Rodriguez Jr.","JAC","136.3","551.7","5.2","3.1","25.7","0.1","0.6","91.2"
"Kimani Vidal","LAC","85.1","345.0","2.3","13.9","120.2","0.8","0.2","78.7"
"Mike Washington Jr.","LV","92.8","352.3","2.1","15.2","121.4","0.6","0.7","77.7"
"Kaelon Black","SF","98.1","388.1","3.2","8.6","79.4","0.6","1.1","75.7"
"Tank Bigsby","PHI","85.6","419.1","3.2","3.3","28.3","0.1","0.2","67.1"
"Chris Brooks","GB","72.7","323.7","1.3","15.4","107.6","0.3","0.6","66.9"
"Adam Randall","BAL","55.1","281.0","2.0","9.8","102.9","1.1","0.6","65.4"
"Emanuel Wilson","SEA","83.9","347.6","2.2","10.4","72.5","0.1","0.6","65.3"
"Malik Davis","DAL","73.5","345.3","2.5","6.6","52.8","0.1","0.1","61.8"
"James Conner","ARI","42.5","155.5","1.5","18.0","132.0","1.0","0.0","61.8"
"Brashard Smith","KC","41.5","159.1","1.0","18.6","131.2","1.0","0.1","59.1"
"Kyle Juszczyk","SF","4.2","10.3","0.1","23.9","209.4","1.5","0.1","55.2"
"Jaydon Blue","DAL","62.0","261.2","2.0","8.8","61.9","0.4","0.3","54.5"
"Keaton Mitchell","LAC","62.3","287.7","1.2","9.5","67.2","0.2","0.6","52.2"
"Emari Demercado","KC","50.0","299.0","1.0","8.5","65.0","0.5","1.5","50.9"
"Jawhar Jordan","HOU","51.3","217.9","1.1","11.0","87.0","0.5","0.5","50.2"
"Jaylen Wright","MIA","77.1","296.5","1.5","7.3","52.0","0.1","1.2","49.2"
"LeQuint Allen Jr.","JAC","8.1","34.0","0.2","21.7","148.0","0.9","0.1","45.8"
"MarShawn Lloyd","GB","50.6","211.5","1.5","6.5","48.6","0.3","0.2","43.2"
"Kendre Miller","NO","53.0","209.3","2.1","4.0","28.5","0.0","0.0","40.6"
"Emmett Johnson","KC","50.0","208.4","1.6","5.2","40.9","0.2","0.2","40.5"
"Ty Chandler","NO","54.0","144.0","1.0","12.0","57.0","0.0","0.0","38.1"
"Isaiah Davis","NYJ","26.3","134.9","0.9","9.9","77.7","0.2","0.0","37.5"
"Ray Davis","BUF","32.3","137.8","1.1","7.8","59.9","0.4","0.2","35.8"
"DJ Giddens","IND","33.5","141.3","1.0","8.6","56.7","0.3","0.2","35.8"
"Frank Gore Jr.","BUF","37.0","174.0","2.0","3.0","26.0","0.0","0.0","35.0"
"Roschon Johnson","CHI","34.0","116.0","3.0","3.0","17.0","0.0","0.0","34.3"
"Phil Mafah","DAL","32.0","142.0","2.0","4.0","35.0","0.0","0.0","33.7"
"Ollie Gordon II","MIA","44.0","180.7","1.1","4.0","27.8","0.1","0.2","31.9"
"Tyler Badie","DEN","4.1","17.6","0.1","14.0","115.6","0.6","0.1","31.7"
"Sean Tucker","TB","34.4","145.4","2.5","0.5","3.0","0.0","0.1","30.1"
"Will Shipley","PHI","9.2","39.5","0.3","11.3","83.3","0.4","0.1","27.5"
"Devin Singletary","NYG","35.7","143.0","1.0","4.2","26.2","0.1","0.1","27.3"
"Jeremy McNichols","WAS","17.0","88.0","1.0","7.0","54.0","0.0","0.0","27.2"
"Jam Miller","NE","34.0","156.0","1.0","2.0","25.0","0.0","0.0","26.1"
"Hunter Luepke","DAL","13.3","56.1","0.4","8.6","61.8","0.4","0.1","25.0"
"Demond Claiborne","MIN","27.6","121.4","0.9","3.3","25.2","0.1","0.1","23.6"
"Salvon Ahmed","CHI","35.0","153.0","1.0","1.0","12.0","0.0","0.0","23.5"
"Audric Estime","NO","30.0","121.0","1.0","3.0","24.0","0.0","0.0","23.5"
"Jarquez Hunter","LAR","32.0","148.0","1.0","1.0","14.0","0.0","0.0","23.2"
"Seth McGowan","IND","22.3","97.0","1.2","3.2","26.9","0.1","0.0","23.1"
"Israel Abanikanda","DAL","32.0","147.0","1.0","1.0","14.0","0.0","0.0","23.1"
"Donovan Edwards","MIA","31.0","130.0","1.0","2.0","19.0","0.0","0.0","22.9"
"Carlos Washington Jr.","MIA","31.0","130.0","1.0","2.0","19.0","0.0","0.0","22.9"
"Jonah Coleman","DEN","26.2","109.4","0.8","3.7","27.0","0.1","0.1","22.8"
"Dameon Pierce","PHI","35.0","161.0","1.0","0.0","0.0","0.0","0.0","22.1"
"Kaytron Allen","WAS","23.6","110.9","0.7","3.1","25.5","0.1","0.0","21.6"
"Nicholas Singleton","TEN","20.3","83.4","0.6","4.2","29.0","0.1","0.1","19.2"
"Devin Neal","NO","22.5","89.5","1.0","2.5","17.5","0.0","0.0","19.2"
"Jerome Ford","WAS","17.5","97.0","0.5","4.0","23.5","0.0","0.0","19.1"
"Tahj Brooks","CIN","30.5","129.1","0.9","0.0","0.0","0.0","0.1","18.3"
"Trevor Etienne","CAR","16.5","70.4","0.4","4.1","29.4","0.2","0.1","17.2"
"Michael Burton","CLE","6.6","13.8","0.6","5.1","33.2","0.6","0.0","16.5"
"Alec Ingold","LAC","2.1","8.6","0.1","7.9","58.2","0.2","0.1","16.3"
"Isaac Guerendo","SF","16.5","80.0","0.5","2.0","18.5","0.0","0.0","14.9"
"Andrew Beck","NYJ","0.5","4.0","0.0","4.6","31.6","1.1","0.0","14.8"
"Adam Prentice","DEN","4.1","17.4","0.1","4.2","29.8","0.2","0.0","10.5"
"Connor Heyward","LV","4.2","17.6","0.1","4.0","28.9","0.2","0.0","10.2"
"George Holani","SEA","11.2","47.1","0.5","1.4","10.1","0.1","0.1","10.0"
"Max Bredeson","MIN","2.0","8.5","0.1","4.5","29.4","0.2","0.0","9.6"
"Reggie Gilliam","NE","0.0","0.0","0.0","4.1","29.8","0.2","0.0","8.0"
"Patrick Ricard","NYG","0.0","0.0","0.0","4.0","26.7","0.1","0.0","7.4"
"Kaleb Johnson","PIT","8.6","35.7","0.2","0.0","0.0","0.0","0.0","4.8"
"British Brooks","HOU","4.2","18.0","0.1","0.0","0.0","0.0","0.0","2.4"
"DeeJay Dallas","JAC","0.0","0.0","0.0","0.0","0.0","0.0","0.0","0.0"
"Kene Nwangwu","NYJ","0.0","0.0","0.0","0.0","0.0","0.0","0.0","0.0"
"Bam Knight","ARI","0.0","0.0","0.0","0.0","0.0","0.0","0.0","0.0"
"Trey Benson","ARI","0.0","0.0","0.0","0.0","0.0","0.0","0.0","0.0"
"Jacob Saylors","DET","0.0","0.0","0.0","0.0","0.0","0.0","0.0","0.0"
"Zavier Scott","MIN","0.0","0.0","0.0","0.0","0.0","0.0","0.0","0.0"
"Rasheen Ali","BAL","0.0","0.0","0.0","0.0","0.0","0.0","0.0","0.0"
"Dylan Laube","LV","0.0","0.0","0.0","0.0","0.0","0.0","0.0","0.0"
"Chris Collier","LV","0.0","0.0","0.0","0.0","0.0","0.0","0.0","0.0"
"Josh Williams","TB","0.0","0.0","0.0","0.0","0.0","0.0","0.0","0.0"
""
""