Player,Pos,ppr_proj,sfb16_fpts_proj,QB,VOLS,VORP,VBD,vbd_rank
Puka Nacua,WR,365.3,634.0255097955344,FALSE,345.00444095592184,517.2139835283886,862.2184244843104,1
Jaxon Smith-Njigba,WR,352.4,611.41334596924,FALSE,322.3922771296275,494.6018197020942,816.9940968317217,2
Ja'Marr Chase,WR,338.6,587.2235893178554,FALSE,298.20252047824283,470.41206305070955,768.6145835289524,3
Bijan Robinson,RB,373.3,559.4708683931117,FALSE,270.44979955349913,442.65934212596585,713.109141679465,4
Jahmyr Gibbs,RB,373.1,559.1659644477301,FALSE,270.1448956081175,442.3544381805842,712.4993337887017,5
Amon-Ra St. Brown,WR,320.7,555.847020907726,FALSE,266.82595206811345,439.03549464058017,705.8614467086936,6
Josh Allen,QB,376.9,625.8407261297863,TRUE,181.0555517627963,509.02919986264044,690.0847516254368,7
Trey McBride,TE,261.4,528.2214466733391,FALSE,239.20037783372652,411.40992040619324,650.6102982399198,8
Rashee Rice,WR,296.1,512.7261503552577,FALSE,223.70508151564513,395.91462408811185,619.619705603757,9
Drake London,WR,296,512.5508622635809,FALSE,223.52979342396839,395.7393359964351,619.2691294204035,10
CeeDee Lamb,WR,284.4,492.2174436290837,FALSE,203.19637478947112,375.4059173619379,578.6022921514091,11
Christian McCaffrey,RB,325.1,485.9890175561407,FALSE,196.96794871652816,369.17749128899493,566.1454400055231,12
Jonathan Taylor,RB,322.8,482.482622184252,FALSE,193.46155334463947,365.6710959171062,559.1326492617457,13
Brock Bowers,TE,238.8,482.39658614509875,FALSE,193.3755173054862,365.585059877953,558.9605771834392,14
Jayden Daniels,QB,330.1,548.5286839537018,TRUE,103.74350958671187,431.717157686556,535.4606672732679,15
Justin Jefferson,WR,271.6,469.7805678944661,FALSE,180.75949905485356,352.9690416273203,533.7285406821738,16
Lamar Jackson,QB,327,543.4075871428927,TRUE,98.62241277590272,426.59606087574684,525.2184736516496,17
Drake Maye,QB,326.7,542.9119971289434,TRUE,98.12682276195346,426.1004708617976,524.227293623751,18
Jalen Hurts,QB,324.3,538.9472770173494,TRUE,94.16210265035943,422.13575075020356,516.297853400563,19
George Pickens,WR,266.2,460.3150109439242,FALSE,171.29394210431167,343.5034846767784,514.79742678109,20
De'Von Achane,RB,306.7,457.9378545810314,FALSE,168.91678574141883,341.12632831388555,510.0431140553044,21
Chris Olave,WR,262.8,454.35521582691644,FALSE,165.33414698730388,337.54368955977066,502.87783654707454,22
Jaxson Dart,QB,315.1,523.7491832562388,TRUE,78.96400888924882,406.93765698909294,485.90166587834176,23
Malik Nabers,WR,257.7,445.41552315140467,FALSE,156.39445431179212,328.6039968842589,484.998451196051,24
Brock Purdy,QB,314,521.9320198717581,TRUE,77.14684550476818,405.1204936046123,482.2673391093805,25
Joe Burrow,QB,311.5,517.8021030888476,TRUE,73.01692872185765,400.9905768217018,474.00750554355943,26
Nico Collins,WR,253.9,438.7545756676901,FALSE,149.73350682807757,321.9430494005443,471.67655622862185,27
Colston Loveland,TE,217,438.19384457361025,FALSE,149.1727757339977,321.3823183064644,470.5550940404621,28
Dak Prescott,QB,309.7,514.8285630051521,TRUE,70.04338863816213,398.01703673800625,468.0604253761684,29
Trevor Lawrence,QB,309.1,513.8373829772536,TRUE,69.05220861026362,397.02585671010775,466.07806532037137,30
Patrick Mahomes II,QB,307.6,511.35943290750726,TRUE,66.57425854051729,394.5479066403615,461.12216518087877,31
Zay Flowers,WR,249.5,431.04189963391525,FALSE,142.0208307943027,314.2303733667694,456.2512041610721,32
Chase Brown,RB,286,426.3802962340335,FALSE,137.35922739442094,309.56876996688766,446.9279973613086,33
Garrett Wilson,WR,246.2,425.25739260858415,FALSE,136.2363237689716,308.4458663414383,444.6821901104099,34
Justin Herbert,QB,302.4,502.7692059990533,TRUE,57.98403163206336,385.95767973190755,443.9417113639709,35
Ashton Jeanty,RB,284.1,423.4837087529081,FALSE,134.46263991329556,306.6721824857623,441.13482239905784,36
Derrick Henry,RB,281.1,418.91014957218374,FALSE,129.8890807325712,302.0986233050379,431.9877040376091,37
Tyler Warren,TE,207,417.9173576142118,FALSE,128.89628877459927,301.105831347066,430.00212012166526,38
Caleb Williams,QB,296.5,493.02260239138457,TRUE,48.2374280243946,376.21107612423873,424.44850414863333,39
Matthew Stafford,QB,296.4,492.85740572006813,TRUE,48.072231353078166,376.04587945292235,424.1181108060005,40
Bo Nix,QB,293.8,488.5622922658413,TRUE,43.777117898851316,371.75076599869544,415.52788389754676,41
A.J. Brown,WR,235.7,406.8521429825306,FALSE,117.83107414291806,290.0406167153848,407.8716908583028,42
Kyle Pitts Sr.,TE,201.1,405.9542303081668,FALSE,116.93316146855426,289.14270404102103,406.0758655095753,43
Baker Mayfield,QB,290.3,482.78040876976655,TRUE,37.99523440277659,365.9688825026208,403.96411690539736,44
DeVonta Smith,WR,234.2,404.22282160738007,FALSE,115.20175276776752,287.41129534023423,402.61304810800175,45
James Cook III,RB,270.1,402.14043257619454,FALSE,113.11936373658199,285.32890630904876,398.44827004563075,46
Daniel Jones,QB,286.6,476.66813193105907,TRUE,31.882957564069102,359.85660566391323,391.73956322798233,47
Saquon Barkley,RB,267,397.41442142277936,FALSE,108.3933525831668,280.6028951556335,388.9962477388003,48
Tee Higgins,WR,230.1,397.0360098486354,FALSE,108.01494100902283,280.2244835814896,388.23942459051244,49
Jared Goff,QB,284.2,472.7034118194649,TRUE,27.918237452474955,355.8918855523191,383.81012300479404,50
Tetairoa McMillan,WR,228.5,394.2314003818082,FALSE,105.21033154219566,277.41987411466243,382.6302056568581,51
Josh Jacobs,RB,264.6,393.7555740781999,FALSE,104.73450523858736,276.94404781105413,381.6785530496415,52
Harold Fannin Jr.,TE,193.9,391.3551596974,FALSE,102.33409085778743,274.5436334302542,376.87772428804163,53
Tyler Shough,QB,281.8,468.7386917078709,TRUE,23.95351734088092,351.92716544072505,375.88068278160597,54
Sam LaPorta,TE,193.6,390.746865088618,FALSE,101.72579624900544,273.9353388214722,375.66113507047766,55
Omarion Hampton,RB,262.4,390.401630679002,FALSE,101.38056183938943,273.59010441185615,374.9706662512456,56
Terry McLaurin,WR,225.3,388.6221814481538,FALSE,99.60111260854126,271.810655181008,371.41176778954923,57
Breece Hall,RB,258.9,385.0658116348236,FALSE,96.04474279521105,268.25428536767777,364.2990281628888,58
Davante Adams,WR,222.8,384.2399791562363,FALSE,95.21891031662375,267.4284528890905,362.64736320571427,59
Emeka Egbuka,WR,220.7,380.55892923102556,FALSE,91.537860391413,263.7474029638797,355.2852633552927,60
Jeremiyah Love,RB,255.9,380.4922524540993,FALSE,91.47118361448673,263.6807261869535,355.15190980144024,61
Dallas Goedert,TE,187.5,378.378208043385,FALSE,89.35713920377242,261.5666817762392,350.9238209800116,62
Malik Willis,QB,272.2,452.87981126149447,TRUE,8.094636894504504,336.0682849943487,344.1629218888532,63
Kyler Murray,QB,272.1,452.71461459017814,TRUE,7.92944022318818,335.9030883230323,343.8325285462205,64
Travis Kelce,TE,185.2,373.7146160427233,FALSE,84.69354720311077,256.90308977557754,341.5966369786883,65
Jameson Williams,WR,215.6,371.6192365555138,FALSE,82.59816771590124,254.80771028836799,337.4058780042692,66
Ladd McConkey,WR,215.3,371.0933722804838,FALSE,82.07230344087122,254.28184601333797,336.35414945420916,67
Rome Odunze,WR,214.2,369.16520327204,FALSE,80.14413443242745,252.3536770048942,332.4978114373216,68
Kenneth Walker III,RB,248.1,368.60099858421603,FALSE,79.57992974460348,251.78947231707022,331.36940206167367,69
C.J. Stroud,QB,268.2,446.27194440883767,TRUE,1.4867700418477057,329.4604181416919,330.9471881835396,70
Jordan Love,QB,268,445.94155106620485,TRUE,1.1563766992148885,329.130024799059,330.2864014982739,71
Sam Darnold,QB,267.3,444.78517436698996,TRUE,0,327.9736480998441,327.9736480998441,72
Courtland Sutton,WR,212.2,365.659441438506,FALSE,76.63837259889345,248.8479151713602,325.4862877702536,73
Alec Pierce,WR,212.2,365.659441438506,FALSE,76.63837259889345,248.8479151713602,325.4862877702536,73
George Kittle,TE,181.1,365.40125638937,FALSE,76.38018754975747,248.5897301222242,324.96991767198165,75
Jaylen Waddle,WR,211.7,364.7830009801225,FALSE,75.76193214050994,247.9714747129767,323.7334068534866,76
Cam Skattebo,RB,244.3,362.8078236219652,FALSE,73.78675478235266,245.9962973548194,319.78305213717204,77
Tucker Kraft,TE,178.8,360.7376643887084,FALSE,71.71659554909587,243.92613812156262,315.64273367065846,78
DJ Moore,WR,209.3,360.57608677988173,FALSE,71.55501794026918,243.76456051273593,315.3195784530051,79
Kyren Williams,RB,242.8,360.521044031603,FALSE,71.49997519199047,243.70951776445722,315.20949295644766,80
Luther Burden III,WR,208.5,359.1737820464681,FALSE,70.15271320685554,242.36225577932228,312.5149689861778,81
Travis Etienne Jr.,RB,240.2,356.5572927416419,FALSE,67.53622390202935,239.7457664744961,307.2819903765254,82
Isaiah Likely,TE,176.1,355.2630129096708,FALSE,66.24194407005825,238.451486642525,304.6934307125832,83
Javonte Williams,RB,239.2,355.0327730147338,FALSE,66.01170417512122,238.22124674758797,304.23295092270916,84
Jake Ferguson,TE,173.3,349.5855965610393,FALSE,60.56452772142677,232.77407029389352,293.33859801532026,85
Marvin Harrison Jr.,WR,199.9,344.09900616227185,FALSE,55.077937322659295,227.28747989512604,282.3654172177853,86
Bucky Irving,RB,229.6,340.3973836364159,FALSE,51.37631479680334,223.5858573692701,274.9621721660734,87
Dalton Kincaid,TE,166.1,334.98652595027244,FALSE,45.965457110659884,218.17499968312663,264.1404567937865,88
DK Metcalf,WR,194.2,334.10758493669994,FALSE,45.08651609708738,217.29605866955413,262.3825747666415,89
Mike Evans,WR,193.4,332.70528020328635,FALSE,43.684211363673796,215.89375393614054,259.5779652998143,90
D'Andre Swift,RB,223.2,330.640457384204,FALSE,41.61938854459146,213.8289311170582,255.44831966164966,91
Mark Andrews,TE,163.5,329.71463934082885,FALSE,40.6935705012163,212.90311307368304,253.59668357489934,92
Jakobi Meyers,WR,191.3,329.02423027807566,FALSE,40.00316143846311,212.21270401092985,252.21586544939296,93
Parker Washington,WR,189.2,325.3431803528649,FALSE,36.322111513252366,208.5316540857191,244.85376559897148,94
Brenton Strange,TE,161.2,325.0510473401672,FALSE,36.02997850055465,208.2395210730214,244.26949957357604,95
Bryce Young,QB,241.8,402.66002318130285,TRUE,-42.125151185687116,285.84849691415707,243.72334572846995,96
Michael Pittman Jr.,WR,188.7,324.4667398944814,FALSE,35.44567105486885,207.6552136273356,243.10088468220445,97
Juwan Johnson,TE,159.9,322.41510403544544,FALSE,33.394035195832885,205.60357776829963,238.99761296413251,98
Quinshon Judkins,RB,217.2,321.4933390227553,FALSE,32.47227018314277,204.6818127556095,237.15408293875228,99
Wan'Dale Robinson,WR,185.5,318.857520960827,FALSE,29.83645212121445,202.0459946936812,231.88244681489564,100
Hunter Henry,TE,157.7,317.95427690437776,FALSE,28.93320806476521,201.14275063723196,230.07595870199717,101
Christian Watson,WR,184.1,316.4034876773532,FALSE,27.38241883774066,199.5919614102074,226.97438024794806,102
Jacoby Brissett,QB,236,393.07861624495047,TRUE,-51.706558122039496,276.26708997780463,224.56053185576513,103
Chris Godwin Jr.,WR,180.9,310.7942687436988,FALSE,21.773199904086255,193.982742476553,215.75594238063925,104
Geno Smith,QB,233.3,388.6183061194071,TRUE,-56.16686824758284,271.80677985226134,215.6399116046785,105
Brian Thomas Jr.,WR,179.4,308.16494736854827,FALSE,19.143878528935716,191.35342110140246,210.49729963033818,106
Carnell Tate,WR,179.2,307.81437118519483,FALSE,18.793302345582276,191.00284491804902,209.7961472636313,107
Jordyn Tyson,WR,178.3,306.2367783601046,FALSE,17.215709520492055,189.4252520929588,206.64096161345086,108
Quentin Johnston,WR,177,303.95803316830745,FALSE,14.936964328694899,187.14650690116164,202.08347122985654,109
Romeo Doubs,WR,176.3,302.73101652657056,FALSE,13.709947686958003,185.91949025942475,199.62943794638275,110
Cam Ward,QB,227.3,378.7065058404219,TRUE,-66.07866852656804,261.89497957327615,195.8163110467081,111
Michael Wilson,WR,175.2,300.80284751812684,FALSE,11.781778678514286,183.99132125098103,195.77309992949532,112
Dalton Schultz,TE,148.4,299.0971440321373,FALSE,10.07607519252474,182.28561776499149,192.36169295751623,113
Bhayshul Tuten,RB,201.9,298.16818720106124,FALSE,9.14711836144869,181.35666093391544,190.50377929536413,114
Josh Downs,WR,173.6,297.99823805129967,FALSE,8.977169211687112,181.18671178415386,190.16388099584097,115
Kenyon Sadiq,TE,147.5,297.27226020579144,FALSE,8.251191366178887,180.46073393864563,188.71192530482452,116
Jayden Reed,WR,173,296.94650950123946,FALSE,7.925440661626908,180.13498323409365,188.06042389572056,117
Khalil Shakir,WR,172.2,295.5442047678258,FALSE,6.523135928213264,178.73267850068,185.25581442889327,118
Rico Dowdle,RB,200,295.2715997199358,FALSE,6.250530880323254,178.46007345279,184.71060433311325,119
Jordan Addison,WR,171.4,294.14190003441223,FALSE,5.120831194799678,177.33037376726642,182.4512049620661,120
TreVeyon Henderson,RB,198.8,293.44217604764606,FALSE,4.421107208033504,176.63064978050025,181.05175698853375,121
Aaron Rodgers,QB,220.7,367.80352553353816,TRUE,-76.9816488334518,250.99199926639236,174.01035043294056,122
T.J. Hockenson,TE,143.6,289.36443029162604,FALSE,0.34336145201348245,172.55290402448023,172.8962654764937,123
Chuba Hubbard,RB,196,289.17352081230337,FALSE,0.15245197269081245,172.36199454515756,172.51444651784837,124
Jaylen Warren,RB,195.9,289.02106883961255,FALSE,0,172.20954257246675,172.20954257246675,125
Ricky Pearsall,WR,167,286.4292240006374,FALSE,-2.5918448389751347,169.6176977334916,167.02585289451648,126
Xavier Worthy,WR,166.4,285.3774954505772,FALSE,-3.643573389035339,168.5659691834314,164.92239579439607,127
Rhamondre Stevenson,RB,193.3,285.0573175496515,FALSE,-3.963751289961067,168.24579128250568,164.2820399925446,128
Jadarian Price,RB,191.2,281.85582612314437,FALSE,-7.165242716468185,165.04429985599856,157.87905713953037,129
Makai Lemon,WR,163.6,280.4694288836296,FALSE,-8.551639955982978,163.65790261648377,155.1062626605008,130
Tony Pollard,RB,187.6,276.3675551062752,FALSE,-12.653513733337377,159.55602883912937,146.902515105792,131
David Montgomery,RB,186.4,274.5381314339855,FALSE,-14.48293740562707,157.72660516683968,143.2436677612126,132
Cade Otton,TE,136.1,274.1570650720773,FALSE,-14.86400376753528,157.34553880493146,142.48153503739618,133
RJ Harvey,RB,184.8,272.0988998709325,FALSE,-16.92216896868007,155.28737360378668,138.3652046351066,134
Kenneth Gainwell,RB,184.4,271.48909198016923,FALSE,-17.53197685944332,154.67756571302343,137.1455888535801,135
Matthew Golden,WR,157.2,269.25099101632077,FALSE,-19.770077823291786,152.43946474917496,132.66938692588317,136
Pat Freiermuth,TE,131.5,264.829881070754,FALSE,-24.191187768858526,148.01835480360822,123.82716703474969,137
John Metchie III,WR,153.8,263.291195899313,FALSE,-25.729872940299572,146.47966963216717,120.7497966918676,138
Aaron Jones Sr.,RB,176.4,259.29293416490435,FALSE,-29.7281346747082,142.48140789775854,112.75327322305034,139
Greg Dulcich,TE,128.4,258.54417011334056,FALSE,-30.476898726271997,141.73264384619475,111.25574511992275,140
Calvin Ridley,WR,150.4,257.33140078230514,FALSE,-31.689668057307415,140.51987451515933,108.83020645785192,141
J.K. Dobbins,RB,173.3,254.56692301148925,FALSE,-34.4541458281233,137.75539674434344,103.30125091622014,142
Jalen Coker,WR,148.1,253.299774673741,FALSE,-35.72129416587154,136.4882484065952,100.76695424072366,143
Chig Okonkwo,TE,125.5,252.66398889511498,FALSE,-36.35707994449757,135.85246262796917,99.4953826834716,144
Oronde Gadsden II,TE,124.9,251.4473996775511,FALSE,-37.573669162061464,134.63587341040528,97.06220424834382,145
KC Concepcion,WR,145.6,248.91757238182353,FALSE,-40.10349645778902,132.10604611467772,92.0025496568887,146
Jerry Jeudy,WR,145.4,248.56699619847015,FALSE,-40.4540726411424,131.75546993132434,91.30139729018194,147
Theo Wease Jr.,WR,145.3,248.39170810679346,FALSE,-40.629360732819094,131.58018183964765,90.95082110682856,148
Fernando Mendoza,QB,195.4,326.0087676904839,TRUE,-118.77640667650604,209.1972414233381,90.42083474683207,149
AJ Barner,TE,122.4,246.3782779377015,FALSE,-42.64279090191104,129.5667516705557,86.92396076864466,150
Rashid Shaheed,WR,143.9,245.93767482331964,FALSE,-43.083394016292914,129.12614855617383,86.04275453988092,151
Kyle Monangai,RB,165.7,242.98057308698753,FALSE,-46.04049575262502,126.16904681984172,80.1285510672167,152
Tre Tucker,WR,142,242.6072010814623,FALSE,-46.413867758150246,125.7956748143165,79.38180705616625,153
Tank Dell,WR,141.4,241.55547253140213,FALSE,-47.46559630821042,124.74394626425632,77.2783499560459,154
Rachaad White,RB,164.1,240.54134152393456,FALSE,-48.47972731567799,123.72981525678875,75.25008794111076,155
Omar Cooper Jr.,WR,139.7,238.57557497289818,FALSE,-50.44549386671437,121.76404870575237,71.318554839038,156
Jayden Higgins,WR,138.1,235.77096550607098,FALSE,-53.250103333541574,118.95943923892517,65.7093359053836,157
Jalen McMillan,WR,136.9,233.6675084059506,FALSE,-55.353560433661954,116.85598213880479,61.50242170514284,158
Mike Gesicki,TE,113.6,228.5349694134309,FALSE,-60.48609942618165,111.72344314628509,51.23734372010344,159
Evan Engram,TE,113.6,228.5349694134309,FALSE,-60.48609942618165,111.72344314628509,51.23734372010344,159
Jauan Jennings,WR,133.9,228.40886565564958,FALSE,-60.612203183962976,111.59733938850377,50.985136204540794,161
Rashod Bateman,WR,133.1,227.00656092223596,FALSE,-62.01450791737659,110.19503465509015,48.18052673771356,162
Terrance Ferguson,TE,111.7,224.68243689114522,FALSE,-64.33863194846734,107.87091062399941,43.53227867553207,163
Gunnar Helm,TE,111,223.26308280398732,FALSE,-65.75798603562524,106.45155653684151,40.69357050121627,164
Deshaun Watson,QB,180.1,300.7336769790716,TRUE,-144.05149738791835,183.9221507119258,39.87065332400746,165
Denzel Boston,WR,130.7,222.79964672199515,FALSE,-66.22142211761741,105.98812045484934,39.76669833723193,166
Jacory Croskey-Merritt,RB,149.1,217.6735456203129,FALSE,-71.34752321929966,100.86201935316709,29.514496133867425,167
Antonio Williams,WR,126.2,214.91168259654364,FALSE,-74.10938624306891,98.10015632939783,23.990770086328922,168
Jalen Nailor,WR,125.7,214.03524213816016,FALSE,-74.9858267014524,97.22371587101435,22.237889169561953,169
Cooper Kupp,WR,125,212.80822549642323,FALSE,-76.21284334318932,95.99669922927743,19.783855886088105,170
Tua Tagovailoa,QB,173.9,290.4914833574536,TRUE,-154.29369100953636,173.6799570903078,19.386266080771435,171
Tyjae Spears,RB,143.1,208.5264272588642,FALSE,-80.49464158074835,91.7149009917184,11.220259410970044,172
Jordan Mason,RB,142.7,207.91661936810095,FALSE,-81.1044494715116,91.10509310095514,10.000643629443545,173
David Njoku,TE,101.6,204.20318506215284,FALSE,-84.81788377745971,87.39165879500703,2.5737750175473195,174
Germie Bernard,WR,118.4,201.23921144576101,FALSE,-87.78185739385154,84.4276851786152,-3.354172215236332,175
Blake Corum,RB,137.6,200.1415687608696,FALSE,-88.87950007874295,83.3300424937238,-5.549457585019155,176
Chris Bell,WR,113.9,193.3512473203095,FALSE,-95.66982151930304,76.5397210531637,-19.13010046613934,177
Colby Parkinson,TE,95.9,192.64558749529579,FALSE,-96.37548134431677,75.83406122814998,-20.54142011616679,178
Travis Hunter,WR,111.7,189.49490930342208,FALSE,-99.52615953619048,72.68338303627627,-26.84277649991421,179
Zach Charbonnet,RB,130.6,189.46993067251282,FALSE,-99.55113816709974,72.65840440536701,-26.892733761732728,180
Darnell Mooney,WR,111.5,189.1443331200687,FALSE,-99.87673571954386,72.33280685292289,-27.543928866620973,181
Woody Marks,RB,127.7,185.04882346447928,FALSE,-103.97224537513327,68.23729719733348,-35.734948177799794,182
Isiah Pacheco,RB,127.2,184.28656360102522,FALSE,-104.73450523858733,67.47503733387941,-37.25946790470792,183
Mason Taylor,TE,91.5,183.72393323316047,FALSE,-105.29713560645209,66.91240696601466,-38.38472864043743,184
Jonathon Brooks,RB,125.9,182.3046879560447,FALSE,-106.71638088356787,65.49316168889888,-41.223219194668985,185
Christian Kirk,WR,107.1,181.43165708629385,FALSE,-107.5894117533187,64.62013081914805,-42.969280934170655,186
Bub Means,WR,106.3,180.02935235288027,FALSE,-108.99171648673229,63.21782608573446,-45.77389040099783,187
Alvin Kamara,RB,124.1,179.56055244761006,FALSE,-109.46051639200249,62.749026180464256,-46.711490211538234,188
Caleb Douglas,WR,104.6,177.04945479437635,FALSE,-111.97161404523621,60.23792852723054,-51.73368551800567,189
Malik Washington,WR,103.2,174.59542151090255,FALSE,-114.42564732871,57.783895243756746,-56.641752084953254,190
Kayshon Boutte,WR,101.3,171.26494776904522,FALSE,-117.75612107056733,54.45342150189941,-63.30269956866792,191
Troy Franklin,WR,99.7,168.46033830221805,FALSE,-120.5607305373945,51.64881203507224,-68.91191850232227,192
Jack Bech,WR,99.5,168.10976211886464,FALSE,-120.91130672074792,51.29823585171883,-69.61307086902909,193
Michael Mayer,TE,83.7,167.90827340482974,FALSE,-121.11279543478281,51.096747137683934,-70.01604829709888,194
Justice Hill,RB,115.9,167.05949068696356,FALSE,-121.961578152649,50.24796441981775,-71.71361373283125,195
Tyrone Tracy Jr.,RB,113.1,162.79083545162084,FALSE,-126.23023338799172,45.97930918447503,-80.25092420351669,196
Ja'Kobi Lane,WR,96.2,162.3252550935335,FALSE,-126.69581374607904,45.513728826387705,-81.18208491969133,197
Darius Slayton,WR,95.8,161.62410272682672,FALSE,-127.39696611278583,44.81257645968091,-82.58438965310492,198
Dawson Knox,TE,80,160.40597322985232,FALSE,-128.61509560976023,43.59444696270651,-85.02064864705372,199
Nick Westbrook-Ikhine,WR,95.1,160.3970860850898,FALSE,-128.62398275452276,43.58555981794399,-85.03842293657877,200
Tory Horton,WR,94.3,158.9947813516762,FALSE,-130.02628748793634,42.1832550845304,-87.84303240340594,201
Olamide Zaccheaus,WR,94.3,158.9947813516762,FALSE,-130.02628748793634,42.1832550845304,-87.84303240340594,201
Devaughn Vele,WR,94.2,158.81949325999952,FALSE,-130.20157557961303,42.00796699285371,-88.19360858675932,203
De'Zhaun Stribling,WR,92.7,156.190171884849,FALSE,-132.83089695476355,39.3786456177032,-93.45225133706035,204
Darnell Washington,TE,77.8,155.94514609878468,FALSE,-133.07592274082788,39.13361983163887,-93.94230290918901,205
Theo Johnson,TE,77.7,155.7423812291907,FALSE,-133.27868761042185,38.93085496204489,-94.34783264837696,206
Tyler Higbee,TE,76,152.29537844609297,FALSE,-136.72569039351959,35.48385217894716,-101.24183821457243,207
Dylan Sampson,RB,106,151.96674539057324,FALSE,-137.05432344903932,35.15521912342743,-101.89910432561189,208
Ryan Flournoy,WR,89.5,150.58095295119458,FALSE,-138.44011588841798,33.76942668404877,-104.67068920436921,209
Tre' Harris,WR,89.3,150.2303767678412,FALSE,-138.79069207177136,33.418850500695385,-105.37184157107598,210
Andrei Iosivas,WR,88.9,149.5292244011344,FALSE,-139.49184443847815,32.71769813398859,-106.77414630448956,211
Tyquan Thornton,WR,87.5,147.07519111766058,FALSE,-141.94587772195197,30.263664850514772,-111.6822128714372,212
Isaac TeSlaa,WR,85.1,142.86827691741976,FALSE,-146.1527919221928,26.056750650273955,-120.09604127191884,213
Dyami Brown,WR,84.9,142.51770073406638,FALSE,-146.50336810554617,25.706174466920572,-120.7971936386256,214
Ja'Tavion Sanders,TE,71.1,142.35989983598776,FALSE,-146.6611690036248,25.548373568841953,-121.11279543478284,215
Tyler Allgeier,RB,98.6,140.6852994114532,FALSE,-148.33576942815935,23.873773144307393,-124.46199628385196,216
Ted Hurst III,WR,82.7,138.66136271717897,FALSE,-150.35970612243358,21.849836450033166,-128.5098696724004,217
Samaje Perine,RB,96.1,136.87400009418292,FALSE,-152.14706874542964,20.06247382703711,-132.08459491839253,218
Mack Hollins,WR,81.6,136.73319370873526,FALSE,-152.2878751308773,19.92166744158945,-132.36620768928785,219
Noah Fant,TE,67.9,135.87142400898028,FALSE,-153.14964483063227,19.059897741834476,-134.0897470887978,220
Ty Johnson,RB,94.1,133.8249606403667,FALSE,-155.19610819924586,17.01343437322089,-138.18267382602497,221
Adonai Mitchell,WR,79.7,133.40271996687795,FALSE,-155.6183488727346,16.591193699732145,-139.02715517300246,222
Jordan James,RB,93.4,132.75779683153104,FALSE,-156.26327200808151,15.94627056438523,-140.31700144369628,223
AJ Dillon,RB,93.2,132.4528928861494,FALSE,-156.56817595346314,15.641366619003605,-140.92680933445953,224
Brian Robinson Jr.,RB,93,132.1479889407678,FALSE,-156.87307989884476,15.33646267362198,-141.53661722522278,225
Braelon Allen,RB,91.3,129.55630540502398,FALSE,-159.46476343458858,12.744779137878169,-146.7199842967104,226
Chris Rodriguez Jr.,RB,91.2,129.4038534323332,FALSE,-159.61721540727936,12.592327165187385,-147.02488824209198,227
Tommy Tremble,TE,64.4,128.77465357319085,FALSE,-160.2464152664217,11.963127306045038,-148.28328796037667,228
Hollywood Brown,WR,75,125.16417965807304,FALSE,-163.85688918153951,8.35265339092723,-155.50423579061228,229
Van Jefferson,WR,75,125.16417965807304,FALSE,-163.85688918153951,8.35265339092723,-155.50423579061228,229
Jalen Tolbert,WR,74.5,124.28773919968953,FALSE,-164.73332963992303,7.476212932543717,-157.2571167073793,231
Will Kacmarek,TE,61.9,123.70553183334125,FALSE,-165.3155370062713,6.894005566195446,-158.42153144007585,232
Ashton Dulin,WR,74.1,123.5865868329827,FALSE,-165.43448200662985,6.775060565836895,-158.65942144079295,233
Chimere Dike,WR,72.6,120.95726545783221,FALSE,-168.06380338178036,4.145739190686399,-163.91806419109395,234
Pat Bryant,WR,72.5,120.78197736615552,FALSE,-168.23909147345705,3.9704510990097077,-164.26864037444733,235
Elijah Arroyo,TE,60.4,120.6640587894315,FALSE,-168.35701005018106,3.852532522285685,-164.50447752789538,236
Xavier Hutchinson,WR,72.2,120.25611309112541,FALSE,-168.76495574848713,3.4445868239796056,-165.32036892450753,237
Xavier Legette,WR,70.7,117.62679171597492,FALSE,-171.39427712363764,0.8152654488291091,-170.57901167480853,238
Erick All Jr.,TE,58.5,116.81152626714581,FALSE,-172.20954257246675,0,-172.20954257246675,239
Joshua Palmer,WR,69.3,115.1727584325011,FALSE,-173.84831040711146,-1.6387678346447103,-175.48707824175617,240
Savion Williams,WR,69.1,114.82218224914769,FALSE,-174.19888659046487,-1.9893440179981212,-176.188230608463,241
Keon Coleman,WR,68.5,113.7704536990875,FALSE,-175.25061514052504,-3.0410725680583113,-178.29168770858337,242
Jahan Dotson,WR,66.9,110.9658442322603,FALSE,-178.05522460735227,-5.845682034885513,-183.90090664223777,243
Marvin Mims Jr.,WR,66.8,110.79055614058359,FALSE,-178.23051269902896,-6.020970126562219,-184.25148282559118,244
Kimani Vidal,RB,78.7,110.34735684598176,FALSE,-178.67371199363077,-6.464169421164044,-185.13788141479483,245
Elic Ayomanor,WR,65.8,109.03767522381658,FALSE,-179.983393615796,-7.7738510433292305,-187.7572446591252,246
Mike Washington Jr.,RB,77.7,108.82283711907365,FALSE,-180.1982317205389,-7.9886891480721545,-188.18692086861105,247
Austin Hooper,TE,54.4,108.49816661379246,FALSE,-180.52290222582008,-8.313359653353345,-188.83626187917343,248
Josh Oliver,TE,54.3,108.29540174419849,FALSE,-180.72566709541405,-8.516124522947322,-189.2417916183614,249
Cole Kmet,TE,54.2,108.09263687460451,FALSE,-180.92843196500803,-8.7188893925413,-189.64732135754934,250
Kaelon Black,RB,75.7,105.77379766525742,FALSE,-183.24727117435515,-11.03772860188839,-194.28499977624352,251
Kalif Raymond,WR,63.8,105.53191339028257,FALSE,-183.48915544932999,-11.27961287686324,-194.76876832619322,252
KaVontae Turpin,WR,63.7,105.35662529860588,FALSE,-183.66444354100668,-11.454900968539931,-195.1193445095466,253
Calvin Austin III,WR,62.8,103.77903247351557,FALSE,-185.24203636609698,-13.032493793630238,-198.27453015972722,254
Eli Stowers,TE,52,103.63180974353686,FALSE,-185.3892590960757,-13.179716523608946,-198.56897561968464,255
Cedric Tillman,WR,61.9,102.20143964842526,FALSE,-186.8196291911873,-14.610086618720544,-201.42971580990783,256
Brock Wright,TE,51.2,102.00969078678499,FALSE,-187.01137805282758,-14.801835480360822,-201.8132135331884,257
DeMario Douglas,WR,61.3,101.14971109836506,FALSE,-187.8713577412475,-15.661815168780748,-203.53317291002824,258
Jaylin Lane,WR,61.2,100.97442300668837,FALSE,-188.04664583292418,-15.83710326045744,-203.88374909338162,259
Daniel Bellinger,TE,50.5,100.5903366996271,FALSE,-188.43073213998545,-16.221189567518707,-204.65192170750416,260
Chris Brazzell II,WR,60.8,100.27327063998156,FALSE,-188.747798199631,-16.538255627164247,-205.28605382679524,261
Charlie Kolar,TE,50.2,99.98204209084516,FALSE,-189.0390267487674,-16.829484176300653,-205.86851092506805,262
Jahdae Walker,WR,60.3,99.39683018159806,FALSE,-189.6242386580145,-17.414696085547746,-207.03893474356224,263
Elijah Sarratt,WR,59.1,97.29337308147765,FALSE,-191.7276957581349,-19.518153185668154,-211.24584894380305,264
Ben Sims,TE,48.8,97.14333391652937,FALSE,-191.87773492308318,-19.668192350616437,-211.54592727369962,265
Luke Musgrave,TE,48.5,96.53503930774743,FALSE,-192.48602953186514,-20.276486959398383,-212.7625164912635,266
Adam Trautman,TE,47.6,94.71015548140157,FALSE,-194.310913358211,-22.101370785744237,-216.41228414395522,267
Noah Gray,TE,47.5,94.50739061180758,FALSE,-194.51367822780497,-22.30413565533823,-216.8178138831432,268
Dontayvion Wicks,WR,57,93.61232315626695,FALSE,-195.40874568334561,-23.199203110878855,-218.60794879422446,269
Tank Bigsby,RB,67.1,92.66292801384765,FALSE,-196.3581408257649,-24.14859825329816,-220.50673907906307,270
Chris Brooks,RB,66.9,92.35802406846604,FALSE,-196.66304477114653,-24.45350219867977,-221.1165469698263,271
Jaylin Noel,WR,56.2,92.21001842285335,FALSE,-196.8110504167592,-24.601507844292456,-221.41255826105166,272
Jake Tonges,TE,45.6,90.6548580895219,FALSE,-198.36621075009066,-26.156668177623914,-224.52287892771457,273
Elijah Higgins,TE,45.5,90.4520932199279,FALSE,-198.56897561968464,-26.359433047217905,-224.92840866690256,274
Adam Randall,RB,65.4,90.07124447810386,FALSE,-198.9498243615087,-26.740281789041944,-225.69010615055063,275
Emanuel Wilson,RB,65.3,89.91879250541305,FALSE,-199.1022763341995,-26.892733761732757,-225.99501009593226,276
Marlin Klein,TE,44.5,88.42444452398807,FALSE,-200.59662431562447,-28.387081743157736,-228.98370605878222,277
Tutu Atwell,WR,53.6,87.65252803925914,FALSE,-201.3685408003534,-29.15899822788667,-230.52753902824008,278
John Bates,TE,44,87.41062017601814,FALSE,-201.6104486635944,-29.400906091127666,-231.01135475472208,279
Zachariah Branch,WR,53.4,87.30195185590573,FALSE,-201.71911698370684,-29.50957441124008,-231.2286913949469,280
Davis Allen,TE,43.8,87.00509043683017,FALSE,-202.01597840278237,-29.806435830315635,-231.82241423309802,281
Demarcus Robinson,WR,53.1,86.77608758087564,FALSE,-202.2449812587369,-30.03543868627017,-232.28041994500708,282
Malik Davis,RB,61.8,84.58297346123466,FALSE,-204.4380953783779,-32.22855280591115,-236.66664818428904,283
James Conner,RB,61.8,84.58297346123466,FALSE,-204.4380953783779,-32.22855280591115,-236.66664818428904,283
Jeremy Ruckert,TE,41.7,82.74702817535652,FALSE,-206.27404066425603,-34.06449809178929,-240.33853875604532,285
Kendrick Bourne,WR,50.3,81.86802101392801,FALSE,-207.15304782568455,-34.94350525321779,-242.09655307890233,286
Brashard Smith,RB,59.1,80.46677019858275,FALSE,-208.5542986410298,-36.34475606856306,-244.89905470959286,287
Julian Hill,TE,40,79.30002539225879,FALSE,-209.72104344735376,-37.51150087488702,-247.23254432224078,288
Drew Sample,TE,38.6,76.46131721794302,FALSE,-212.55975162166953,-40.35020904920279,-252.90996067087232,289
Kyle Juszczyk,RB,55.2,74.52114326364112,FALSE,-214.49992557597142,-42.29038300350469,-256.7903085794761,290
Jaydon Blue,RB,54.5,73.45397945480543,FALSE,-215.5670893848071,-43.357546812340374,-258.9246361971475,291
Nate Boerkircher,TE,36.6,72.40601982606334,FALSE,-216.6150490135492,-44.405506441082466,-261.0205554546317,292
Treylon Burks,WR,44.8,72.22717597170949,FALSE,-216.79389286790308,-44.58435029543632,-261.3782431633394,293
Connor Heyward,TE,36.3,71.79772521728138,FALSE,-217.22334362233119,-45.013801049864426,-262.2371446721956,294
Keaton Mitchell,RB,52.2,69.94758408291678,FALSE,-219.0734847566958,-46.86394218422903,-265.9374269409248,295
Luke McCaffrey,WR,43,69.07199032152889,FALSE,-219.94907851808367,-47.73953594561692,-267.68861446370056,296
Malachi Fields,WR,42.4,68.02026177146868,FALSE,-221.00080706814387,-48.791264495677126,-269.79207156382097,297
Emari Demercado,RB,50.9,67.96570843793623,FALSE,-221.05536040167632,-48.84581782920958,-269.9011782308859,298
Mitchell Evans,TE,34.3,67.7424278254017,FALSE,-221.27864101421085,-49.0690984417441,-270.347739455955,299
Bryce Lance,WR,42.1,67.4943974964386,FALSE,-221.52667134317397,-49.317128770707214,-270.8438001138812,300
Jawhar Jordan,RB,50.2,66.89854462910056,FALSE,-222.12252421051198,-49.91298163804525,-272.03550584855725,301
Jordan Whittington,WR,41.2,65.91680467134829,FALSE,-223.10426416826425,-50.89472159579752,-273.9989857640618,302
Nick Vannett,TE,33.3,65.71477912946186,FALSE,-223.30628971015068,-51.09674713768395,-274.40303684783464,303
Cade Stover,TE,33.2,65.5120142598679,FALSE,-223.50905457974466,-51.29951200727791,-274.8085665870226,304
Jaylen Wright,RB,49.2,65.37402490219245,FALSE,-223.6470439374201,-51.43750136495336,-275.0845453023735,305
Eli Raridon,TE,32.9,64.90371965108594,FALSE,-224.11734918852662,-51.90780661605987,-276.02515580458646,306
Dont'e Thornton Jr.,WR,40.4,64.51449993793467,FALSE,-224.5065689016779,-52.297026329211135,-276.803595230889,307
Nate Adkins,TE,31.8,62.67330608555211,FALSE,-226.34776275406045,-54.138220181593695,-280.48598293565414,308
Ben Sinnott,TE,31.7,62.470541215958136,FALSE,-226.55052762365443,-54.34098505118767,-280.8915126748421,309
Grant Calcaterra,TE,31.7,62.470541215958136,FALSE,-226.55052762365443,-54.34098505118767,-280.8915126748421,309
Jack Endries,TE,31.2,61.45671686798821,FALSE,-227.56435197162435,-55.354809399157595,-282.9191613707819,311
Luke Schoonmaker,TE,31.1,61.25395199839423,FALSE,-227.76711684121832,-55.55757426875158,-283.3246911099699,312
Charlie Woerner,TE,30.7,60.44289252001829,FALSE,-228.57817631959426,-56.36863374712752,-284.9468100667218,313
Jackson Hawes,TE,30.6,60.24012765042431,FALSE,-228.78094118918824,-56.571398616721496,-285.35233980590976,314
LeQuint Allen Jr.,RB,45.8,60.19065783070486,FALSE,-228.8304110089077,-56.62086843644095,-285.45127944534863,315
Hayden Rucci,TE,29.8,58.61800869367244,FALSE,-230.40306014594012,-58.19351757347337,-288.5965777194135,316
Will Mallory,TE,29.6,58.212478954484475,FALSE,-230.80858988512807,-58.599047312661334,-289.4076371977894,317
Jalen Royals,WR,36.4,57.50297627086666,FALSE,-231.51809256874589,-59.30854999627915,-290.82664256502505,318
Tanner Hudson,TE,29.2,57.40141947610853,FALSE,-231.61964936350404,-59.41010679103728,-291.0297561545413,319
Rivaldo Fairweather,TE,28.9,56.79312486732658,FALSE,-232.22794397228597,-60.018401399819226,-292.2463453721052,320
MarShawn Lloyd,RB,43.2,56.22690654074378,FALSE,-232.79416229886877,-60.58461972640203,-293.3787820252708,321
Dallen Bentley,TE,28.5,55.982065388950645,FALSE,-233.0390034506619,-60.829460878195164,-293.86846432885704,322
Devontez Walker,WR,35,55.048942987392856,FALSE,-233.9721258522197,-61.76258327975295,-295.73470913197264,323
Michael Penix Jr.,QB,78.3,132.563465578956,TRUE,-312.221708788034,15.75193931181019,-296.4697694762238,324
Foster Moreau,TE,27.6,54.1571815626048,FALSE,-234.86388727700776,-62.65434470454101,-297.51823198154875,325
Tanner Conner,TE,27.3,53.548886953822844,FALSE,-235.47218188578972,-63.262639313322964,-298.7348211991127,326
Skyler Bell,WR,33.9,53.120773978949146,FALSE,-235.9002948606634,-63.69075228819666,-299.59104714886007,327
Mo Alie-Cox,TE,27,52.94059234504089,FALSE,-236.08047649457166,-63.87093392210492,-299.9514104166766,328
Kendre Miller,RB,40.6,52.26315525078268,FALSE,-236.75791358882987,-64.54837101636312,-301.306284605193,329
Jared Wiley,TE,26.6,52.12953286666495,FALSE,-236.8915359729476,-64.68199340048085,-301.5735293734284,330
Emmett Johnson,RB,40.5,52.11070327809187,FALSE,-236.91036556152068,-64.70082298905393,-301.61118855057464,331
Thomas Fidone II,TE,26.1,51.11570851869504,FALSE,-237.9053603209175,-65.69581774845076,-303.6011780693683,332
Jaheim Bell,TE,25.9,50.71017877950706,FALSE,-238.3108900601055,-66.10134748763875,-304.4122375477442,333
Jaren Kanak,TE,25.1,49.0880598227552,FALSE,-239.93300901685734,-67.72346644439061,-307.65647546124796,334
Ty Chandler,RB,38.1,48.4518559335124,FALSE,-240.56921290610015,-68.3596703336334,-308.9288832397335,335
Drake Dabney,TE,24.4,47.66870573559731,FALSE,-241.35236310401524,-69.1428205315485,-310.49518363556376,336
Isaiah Davis,RB,37.5,47.53714409736753,FALSE,-241.48392474224502,-69.27438216977828,-310.7583069120233,337
Seydou Traore,TE,23.8,46.45211651803341,FALSE,-242.56895232157916,-70.3594097491124,-312.92836207069155,338
Durham Smythe,TE,23.5,45.84382190925145,FALSE,-243.1772469303611,-70.96770435789435,-314.14495128825547,339
Ray Davis,RB,35.8,44.94546056162373,FALSE,-244.0756082779888,-71.86606570552208,-315.9416739835109,340
DJ Giddens,RB,35.8,44.94546056162373,FALSE,-244.0756082779888,-71.86606570552208,-315.9416739835109,340
Konata Mumpfield,WR,29.2,44.88223367014423,FALSE,-244.13883516946834,-71.92929259700158,-316.0681277664699,342
Frank Gore Jr.,RB,35,43.72584478009725,FALSE,-245.2952240595153,-73.08568148704856,-318.3809055465639,343
Roschon Johnson,RB,34.3,42.65868097126157,FALSE,-246.362387868351,-74.15284529588425,-320.51523316423527,344
Devin Culp,TE,21.9,42.59958399574771,FALSE,-246.42148484386485,-74.2119422713981,-320.633427115263,345
Phil Mafah,RB,33.7,41.74396913511671,FALSE,-247.27709970449584,-75.0675571320291,-322.3446568365249,346
Brenen Thompson,WR,27.3,41.55175992828692,FALSE,-247.46930891132564,-75.2597663388589,-322.72907525018456,347
KeAndre Lambert-Smith,WR,26.6,40.32474328655002,FALSE,-248.69632555306254,-76.48678298059579,-325.18310853365836,348
Payne Durham,TE,20.5,39.76087582143194,FALSE,-249.26019301818062,-77.05065044571387,-326.31084346389446,349
Ollie Gordon II,RB,31.9,38.9998336266821,FALSE,-250.02123521293046,-77.81169264046372,-327.83292785339415,350
Tyler Badie,RB,31.7,38.69492968130047,FALSE,-250.3261391583121,-78.11659658584534,-328.4427357441574,351
Max Klare,TE,19.8,38.34152173427405,FALSE,-250.6795471053385,-78.47000453287176,-329.14955163821026,352
Sean Tucker,RB,30.1,36.2556981182475,FALSE,-252.76537072136506,-80.55582814889831,-333.3211988702634,353
Oscar Delp,TE,18.7,36.11110816874022,FALSE,-252.90996067087232,-80.70041809840558,-333.6103787692779,354
Kyle Williams,WR,22.1,32.4367791610985,FALSE,-256.58428967851404,-84.37474710604731,-340.95903678456136,355
Will Shipley,RB,27.5,32.291946828286406,FALSE,-256.7291220113261,-84.51957943885941,-341.24870145018554,356
Kevin Coleman Jr.,WR,22,32.2614910694218,FALSE,-256.75957777019073,-84.55003519772401,-341.30961296791475,357
Joe Royer,TE,16.8,32.25857564645453,FALSE,-256.76249319315804,-84.55295062069128,-341.3154438138493,358
Devin Singletary,RB,27.3,31.98704288290478,FALSE,-257.03402595670775,-84.82448338424103,-341.8585093409488,359
Jeremy McNichols,RB,27.2,31.83459091021397,FALSE,-257.18647792939856,-84.97693535693185,-342.1634132863304,360
Tez Johnson,WR,21.5,31.385050611038295,FALSE,-257.63601822857424,-85.42647565610751,-343.06249388468177,361
Jam Miller,RB,26.1,30.157619210615046,FALSE,-258.8634496289975,-86.65390705653076,-345.5173566855283,362
Hunter Long,TE,15.5,29.622632341732743,FALSE,-259.3984364978798,-87.18889392541307,-346.5873304232929,363
Blake Whiteheart,TE,15.3,29.217102602544777,FALSE,-259.80396623706775,-87.59442366460104,-347.3983899016688,364
Xavier Smith,WR,19.9,28.580441144211086,FALSE,-260.4406276954015,-88.23108512293473,-348.67171281833623,365
Hunter Luepke,RB,25,28.480647511016123,FALSE,-260.54042132859644,-88.33087875612969,-348.87130008472616,366
Mitch Tinsley,WR,19.5,27.879288777504286,FALSE,-261.1417800621083,-88.93223748964152,-350.0740175517498,367
Demond Claiborne,RB,23.6,26.346319893344763,FALSE,-262.6747489462678,-90.46520637380104,-353.13995532006885,368
Salvon Ahmed,RB,23.5,26.19386792065395,FALSE,-262.8272009189586,-90.61765834649185,-353.4448592654505,369
Audric Estime,RB,23.5,26.19386792065395,FALSE,-262.8272009189586,-90.61765834649185,-353.4448592654505,369
Jarquez Hunter,RB,23.2,25.73651200258152,FALSE,-263.284556837031,-91.07501426456429,-354.3595711015953,371
Seth McGowan,RB,23.1,25.584060029890708,FALSE,-263.4370088097219,-91.2274662372551,-354.664475046977,372
Israel Abanikanda,RB,23.1,25.584060029890708,FALSE,-263.4370088097219,-91.2274662372551,-354.664475046977,372
Donovan Edwards,RB,22.9,25.279156084509083,FALSE,-263.7419127551035,-91.53237018263673,-355.2742829377402,374
Carlos Washington Jr.,RB,22.9,25.279156084509083,FALSE,-263.7419127551035,-91.53237018263673,-355.2742829377402,374
Jonah Coleman,RB,22.8,25.126704111818277,FALSE,-263.89436472779425,-91.68482215532754,-355.5791868831218,376
Shedeur Sanders,QB,60.4,102.9932614133168,TRUE,-341.79191295367315,-13.818264853829007,-355.61017780750217,377
Dameon Pierce,RB,22.1,24.059540302982597,FALSE,-264.96152853662994,-92.75198596416321,-357.71351450079317,378
Cyrus Allen,WR,17.2,23.847662668940178,FALSE,-265.17340617067237,-92.96386359820563,-358.137269768878,379
Kaytron Allen,RB,21.6,23.297280439528542,FALSE,-265.723788400084,-93.51424582761726,-359.2380342277013,380
Luke Farrell,TE,12.3,23.13415651472526,FALSE,-265.8869123248873,-93.67736975242055,-359.56428207730784,381
Cole Turner,TE,11.9,22.323097036349324,FALSE,-266.6979718032632,-94.48842923079648,-361.1864010340597,382
Anthony Gould,WR,16.3,22.270069843849875,FALSE,-266.7509989957627,-94.54145642329593,-361.2924554190586,383
Nicholas Singleton,RB,19.2,19.638433094949065,FALSE,-269.3826357446635,-97.17309317219674,-366.55572891686023,384
Devin Neal,RB,19.2,19.638433094949065,FALSE,-269.3826357446635,-97.17309317219674,-366.55572891686023,384
Jerome Ford,RB,19.1,19.48598112225826,FALSE,-269.5350877173543,-97.32554514488754,-366.86063286224186,386
Greg Dortch,WR,14.1,18.413731826962465,FALSE,-270.6073370126501,-98.39779444018335,-369.00513145283344,387
Tahj Brooks,RB,18.3,18.266365340731767,FALSE,-270.75470349888076,-98.54516092641404,-369.2998644252948,388
Brevyn Spann-Ford,TE,9.5,17.45674016609371,FALSE,-271.56432867351884,-99.3547861010521,-370.91911477457097,389
Tanner Koziol,TE,9.2,16.848445557311756,FALSE,-272.1726232823008,-99.96308070983406,-372.13570399213484,390
Trevor Etienne,RB,17.2,16.589393641132844,FALSE,-272.4316751984797,-100.22213262601296,-372.6538078244927,391
Lucas Krull,TE,9,16.44291581812379,FALSE,-272.5781530214888,-100.36861044902201,-372.9467634705108,392
Tyler Conklin,TE,8.9,16.24015094852981,FALSE,-272.78091789108277,-100.57137531861599,-373.35229320969876,393
Drew Ogletree,TE,8.6,15.631856339747856,FALSE,-273.3892124998647,-101.17966992739795,-374.5688824272627,394
Sam Roush,TE,8.6,15.631856339747856,FALSE,-273.3892124998647,-101.17966992739795,-374.5688824272627,394
Josh Cuevas,TE,8.6,15.631856339747856,FALSE,-273.3892124998647,-101.17966992739795,-374.5688824272627,394
Eric Saubert,TE,8.6,15.631856339747856,FALSE,-273.3892124998647,-101.17966992739795,-374.5688824272627,394
Michael Burton,RB,16.5,15.522229832297162,FALSE,-273.4988390073154,-101.28929643484865,-374.78813544216405,398
Tip Reiman,TE,8.4,15.226326600559887,FALSE,-273.79474223905265,-101.58519966658592,-375.3799419056386,399
Alec Ingold,RB,16.3,15.21732588691554,FALSE,-273.803742952697,-101.59420038023026,-375.3979433329273,400
Ian Thomas,TE,8.2,14.820796861371917,FALSE,-274.2002719782406,-101.99072940577389,-376.1910013840145,401
Riley Nowakowski,TE,8.1,14.618031991777936,FALSE,-274.40303684783464,-102.19349427536787,-376.5965311232025,402
Ben Skowronek,WR,11.7,14.206817626721651,FALSE,-274.8142512128909,-102.60470864042415,-377.4189598533151,403
Bo Melton,WR,11.5,13.856241443368255,FALSE,-275.1648273962443,-102.95528482377756,-378.12011222002184,404
Mason Tipton,WR,11.2,13.33037716833815,FALSE,-275.6906916712744,-103.48114909880766,-379.1718407700821,405
Isaac Guerendo,RB,14.9,13.082998269244184,FALSE,-275.9380705703684,-103.72852799790162,-379.66659856827,406
Tyrell Shavers,WR,11,12.979800984984752,FALSE,-276.0412678546278,-103.83172528216106,-379.87299313678886,407
Andrew Beck,RB,14.8,12.930546296553372,FALSE,-276.0905225430592,-103.88097997059243,-379.9715025136516,408
Isaiah Bond,WR,10.8,12.629224801631352,FALSE,-276.3918440379812,-104.18230146551446,-380.57414550349563,409
Derius Davis,WR,10.2,11.577496251571148,FALSE,-277.44357258804143,-105.23403001557466,-382.6776026036161,410
Isaiah Williams,WR,10,11.226920068217748,FALSE,-277.7941487713948,-105.58460619892806,-383.37875497032286,411
Colbie Young,WR,9.7,10.701055793187646,FALSE,-278.3200130464249,-106.11047047395816,-384.43048352038306,412
CJ Daniels,WR,9.6,10.525767701510944,FALSE,-278.4953011381016,-106.28575856563486,-384.78105970373645,413
David Moore,WR,9.4,10.175191518157543,FALSE,-278.845877321455,-106.63633474898826,-385.48221207044327,414
Tai Felton,WR,8.7,8.94817487642064,FALSE,-280.0728939631919,-107.86335139072517,-387.9362453539171,415
Zavion Thomas,WR,8.7,8.94817487642064,FALSE,-280.0728939631919,-107.86335139072517,-387.9362453539171,415
Justin Watson,WR,8.5,8.59759869306724,FALSE,-280.4234701465453,-108.21392757407857,-388.6373977206239,417
Darius Cooper,WR,8.5,8.59759869306724,FALSE,-280.4234701465453,-108.21392757407857,-388.6373977206239,417
Jonathan Mingo,WR,8.4,8.422310601390542,FALSE,-280.598758238222,-108.38921566575527,-388.98797390397726,419
Reggie Virgil,WR,8.1,7.896446326360439,FALSE,-281.1246225132521,-108.91507994078538,-390.0397024540375,420
Chris Manhertz,TE,4.2,6.710202077612563,FALSE,-282.310866762,-110.10132418953324,-392.41219095153326,421
Adam Prentice,RB,10.5,6.3751114708484895,FALSE,-282.6459573687641,-110.43641479629731,-393.0823721650614,422
Connor Heyward,RB,10.2,5.917755552776054,FALSE,-283.1033132868365,-110.89377071436975,-393.99708400120625,423
George Holani,RB,10,5.612851607394431,FALSE,-283.40821723221813,-111.19867465975138,-394.6068918919695,424
Max Bredeson,RB,9.6,5.003043716631186,FALSE,-284.0180251229814,-111.80848255051463,-395.826507673496,425
Kaden Wetjen,WR,5.6,3.5142440344429273,FALSE,-285.50682480516963,-113.29728223270288,-398.80410703787254,426
Malachi Corley,WR,5.5,3.338955942766229,FALSE,-285.6821128968463,-113.47257032437957,-399.1546832212259,427
Reggie Gilliam,RB,8,2.5638121535782066,FALSE,-286.4572566860343,-114.2477141135676,-400.70497079960194,428
Patrick Ricard,RB,7.4,1.649100317433339,FALSE,-287.3719685221792,-115.16242594971247,-402.5343944718917,429
Arian Smith,WR,3.4,-0.34209398244448064,FALSE,-289.363162822057,-117.15362024959029,-406.5167830716473,430
Jimmy Horn Jr.,WR,3,-1.043246349151283,FALSE,-290.0643151887638,-117.8547726162971,-407.91908780506094,431
Johnny Mundt,TE,0,-1.805922445334759,FALSE,-290.8269912849473,-118.61744871248057,-409.4444399974279,432
Quintin Morris,TE,0,-1.805922445334759,FALSE,-290.8269912849473,-118.61744871248057,-409.4444399974279,432
Jack Stoll,TE,0,-1.805922445334759,FALSE,-290.8269912849473,-118.61744871248057,-409.4444399974279,432
Jelani Woods,TE,0,-1.805922445334759,FALSE,-290.8269912849473,-118.61744871248057,-409.4444399974279,432
CJ Dippre,TE,0,-1.805922445334759,FALSE,-290.8269912849473,-118.61744871248057,-409.4444399974279,432
Kaleb Johnson,RB,4.8,-2.3146509725277538,FALSE,-291.3357198121403,-119.12617723967357,-410.4618970518139,437
Kameron Johnson,WR,1.8,-3.1467034492716874,FALSE,-292.16777228888424,-119.95822971641749,-412.12600200530176,438
Kirk Cousins,QB,43.1,74.41423727557613,TRUE,-370.37093709141385,-42.39728899156968,-412.7682260829835,439
British Brooks,RB,2.4,-5.973498317107223,FALSE,-294.99456715671977,-122.78502458425304,-417.7795917409728,440
Gunner Olszewski,WR,0,-6.301889099452295,FALSE,-295.32295793906485,-123.1134153665981,-418.436373305663,441
Devin Duvernay,WR,0,-6.301889099452295,FALSE,-295.32295793906485,-123.1134153665981,-418.436373305663,441
Mason Kinsey,WR,0,-6.301889099452295,FALSE,-295.32295793906485,-123.1134153665981,-418.436373305663,441
Michael Bandy,WR,0,-6.301889099452295,FALSE,-295.32295793906485,-123.1134153665981,-418.436373305663,441
Skyy Moore,WR,0,-6.301889099452295,FALSE,-295.32295793906485,-123.1134153665981,-418.436373305663,441
Britain Covey,WR,0,-6.301889099452295,FALSE,-295.32295793906485,-123.1134153665981,-418.436373305663,441
Dareke Young,WR,0,-6.301889099452295,FALSE,-295.32295793906485,-123.1134153665981,-418.436373305663,441
Jacob Cowing,WR,0,-6.301889099452295,FALSE,-295.32295793906485,-123.1134153665981,-418.436373305663,441
Charlie Jones,WR,0,-6.301889099452295,FALSE,-295.32295793906485,-123.1134153665981,-418.436373305663,441
Barion Brown,WR,0,-6.301889099452295,FALSE,-295.32295793906485,-123.1134153665981,-418.436373305663,441
Jalen Brooks,WR,0,-6.301889099452295,FALSE,-295.32295793906485,-123.1134153665981,-418.436373305663,441
Brycen Tremayne,WR,0,-6.301889099452295,FALSE,-295.32295793906485,-123.1134153665981,-418.436373305663,441
Nikko Remigio,WR,0,-6.301889099452295,FALSE,-295.32295793906485,-123.1134153665981,-418.436373305663,441
Jeshaun Jones,WR,0,-6.301889099452295,FALSE,-295.32295793906485,-123.1134153665981,-418.436373305663,441
Efton Chism III,WR,0,-6.301889099452295,FALSE,-295.32295793906485,-123.1134153665981,-418.436373305663,441
LaJohntay Wester,WR,0,-6.301889099452295,FALSE,-295.32295793906485,-123.1134153665981,-418.436373305663,441
Ke'Shawn Williams,WR,0,-6.301889099452295,FALSE,-295.32295793906485,-123.1134153665981,-418.436373305663,441
Myles Price,WR,0,-6.301889099452295,FALSE,-295.32295793906485,-123.1134153665981,-418.436373305663,441
Gage Larvadain,WR,0,-6.301889099452295,FALSE,-295.32295793906485,-123.1134153665981,-418.436373305663,441
Josh Cameron,WR,0,-6.301889099452295,FALSE,-295.32295793906485,-123.1134153665981,-418.436373305663,441
DeeJay Dallas,RB,0,-9.632345661686694,FALSE,-298.65341450129927,-126.44387192883251,-425.09728643013176,461
Kene Nwangwu,RB,0,-9.632345661686694,FALSE,-298.65341450129927,-126.44387192883251,-425.09728643013176,461
Bam Knight,RB,0,-9.632345661686694,FALSE,-298.65341450129927,-126.44387192883251,-425.09728643013176,461
Trey Benson,RB,0,-9.632345661686694,FALSE,-298.65341450129927,-126.44387192883251,-425.09728643013176,461
Jacob Saylors,RB,0,-9.632345661686694,FALSE,-298.65341450129927,-126.44387192883251,-425.09728643013176,461
Zavier Scott,RB,0,-9.632345661686694,FALSE,-298.65341450129927,-126.44387192883251,-425.09728643013176,461
Rasheen Ali,RB,0,-9.632345661686694,FALSE,-298.65341450129927,-126.44387192883251,-425.09728643013176,461
Dylan Laube,RB,0,-9.632345661686694,FALSE,-298.65341450129927,-126.44387192883251,-425.09728643013176,461
Chris Collier,RB,0,-9.632345661686694,FALSE,-298.65341450129927,-126.44387192883251,-425.09728643013176,461
Josh Williams,RB,0,-9.632345661686694,FALSE,-298.65341450129927,-126.44387192883251,-425.09728643013176,461
J.J. McCarthy,QB,26.6,47.156786508366814,TRUE,-397.62838785862317,-69.65473975877899,-467.28312761740216,471
Ty Simpson,QB,23.4,41.87049302624136,TRUE,-402.9146813407486,-74.94103324090445,-477.85571458165305,472
Carson Beck,QB,20.4,36.914592886748764,TRUE,-407.8705814802412,-79.89693338039704,-487.76751486063824,473
Marcus Mariota,QB,18.1,33.115069446471104,TRUE,-411.67010492051884,-83.69645682067471,-495.36656174119355,474
Joe Milton III,QB,12.2,23.368465838802315,TRUE,-421.41670852818766,-93.4430604283435,-514.8597689565312,475
Shane Buechele,QB,12,23.038072496169473,TRUE,-421.7471018708205,-93.77345377097633,-515.5205556417968,476
Jarrett Stidham,QB,11.3,21.881695796954535,TRUE,-422.9034785700354,-94.92983047019128,-517.8333090402267,477
Jake Browning,QB,11.2,21.716499125638112,TRUE,-423.06867524135185,-95.0950271415077,-518.1637023828596,478
Will Levis,QB,11.1,21.551302454321693,TRUE,-423.2338719126683,-95.26022381282411,-518.4940957254923,479
Teddy Bridgewater,QB,11,21.386105783005274,TRUE,-423.3990685839847,-95.42542048414053,-518.8244890681252,480
Tyson Bagent,QB,11,21.386105783005274,TRUE,-423.3990685839847,-95.42542048414053,-518.8244890681252,480
Justin Fields,QB,10.9,21.220909111688854,TRUE,-423.5642652553011,-95.59061715545695,-519.1548824107581,482
Tommy DeVito,QB,10.6,20.725319097739593,TRUE,-424.05985526925036,-96.08620716940621,-520.1460624386566,483
Tyler Huntley,QB,10.6,20.725319097739593,TRUE,-424.05985526925036,-96.08620716940621,-520.1460624386566,483
Davis Mills,QB,10.5,20.560122426423174,TRUE,-424.2250519405668,-96.25140384072263,-520.4764557812895,485
Trey Lance,QB,10.4,20.394925755106755,TRUE,-424.3902486118832,-96.41660051203905,-520.8068491239222,486
Tanner McKee,QB,10.3,20.229729083790335,TRUE,-424.5554452831996,-96.58179718335548,-521.1372424665551,487
Mason Rudolph,QB,10.3,20.229729083790335,TRUE,-424.5554452831996,-96.58179718335548,-521.1372424665551,487
Joe Flacco,QB,10.3,20.229729083790335,TRUE,-424.5554452831996,-96.58179718335548,-521.1372424665551,487
Mac Jones,QB,10.3,20.229729083790335,TRUE,-424.5554452831996,-96.58179718335548,-521.1372424665551,487
Spencer Rattler,QB,10.2,20.064532412473913,TRUE,-424.72064195451605,-96.7469938546719,-521.467635809188,491
Riley Leonard,QB,10.1,19.899335741157493,TRUE,-424.8858386258325,-96.91219052598831,-521.7980291518209,492
Drew Lock,QB,10,19.734139069841074,TRUE,-425.05103529714887,-97.07738719730473,-522.1284224944536,493
Andy Dalton,QB,9.9,19.568942398524655,TRUE,-425.2162319684653,-97.24258386862115,-522.4588158370865,494
Behren Morton,QB,9.8,19.403745727208236,TRUE,-425.38142863978175,-97.40778053993758,-522.7892091797194,495
Kenny Pickett,QB,9.8,19.403745727208236,TRUE,-425.38142863978175,-97.40778053993758,-522.7892091797194,495
Nick Mullens,QB,9.8,19.403745727208236,TRUE,-425.38142863978175,-97.40778053993758,-522.7892091797194,495
Seth Henigan,QB,9.7,19.238549055891813,TRUE,-425.5466253110981,-97.572977211254,-523.1196025223521,498
Chris Oladokun,QB,9.7,19.238549055891813,TRUE,-425.5466253110981,-97.572977211254,-523.1196025223521,498
Gardner Minshew II,QB,9.7,19.238549055891813,TRUE,-425.5466253110981,-97.572977211254,-523.1196025223521,498
Tyrod Taylor,QB,9.7,19.238549055891813,TRUE,-425.5466253110981,-97.572977211254,-523.1196025223521,498
Adrian Martinez,QB,9.3,18.577762370626136,TRUE,-426.2074119963638,-98.23376389651968,-524.4411758928835,502
Garrett Nussmeier,QB,9.2,18.412565699309713,TRUE,-426.37260866768025,-98.3989605678361,-524.7715692355164,503
Jameis Winston,QB,9.2,18.412565699309713,TRUE,-426.37260866768025,-98.3989605678361,-524.7715692355164,503
Cade Klubnik,QB,9.2,18.412565699309713,TRUE,-426.37260866768025,-98.3989605678361,-524.7715692355164,503
Cole Payton,QB,9.2,18.412565699309713,TRUE,-426.37260866768025,-98.3989605678361,-524.7715692355164,503
Jalen Milroe,QB,9,18.082172356676875,TRUE,-426.70300201031307,-98.72935391046893,-525.432355920782,507
Drew Allar,QB,8.9,17.916975685360455,TRUE,-426.8681986816295,-98.89455058178535,-525.7627492634149,508
Mitchell Trubisky,QB,8.9,17.916975685360455,TRUE,-426.8681986816295,-98.89455058178535,-525.7627492634149,508
Quinn Ewers,QB,8.9,17.916975685360455,TRUE,-426.8681986816295,-98.89455058178535,-525.7627492634149,508
Kyle Allen,QB,8.3,16.925795657461933,TRUE,-427.859378709528,-99.88573060968388,-527.7451093192119,511
Brady Cook,QB,4.9,11.30910883270365,TRUE,-433.4760655342863,-105.50241743444215,-538.9784829687285,512
Will Howard,QB,4.4,10.483125476121549,TRUE,-434.30204889086843,-106.32840079102427,-540.6304496818927,513
Josh Johnson,QB,0,3.214471938199065,TRUE,-441.5707024287909,-113.59705432894674,-555.1677567577376,514
Stetson Bennett IV,QB,0,3.214471938199065,TRUE,-441.5707024287909,-113.59705432894674,-555.1677567577376,514
Aidan O'Connell,QB,0,3.214471938199065,TRUE,-441.5707024287909,-113.59705432894674,-555.1677567577376,514
