playerKey,playerId,name,position,projMikeClayBasePts,projFantasyProsBasePts,projSleeperBasePts,tradyrIsRookie,lastSeasonSfb,pre_bonus_proj_pts,pos_rank_prebonus,tier_bonus,proj_pts,weekly_pts,VOLS,VORP,VBD,vbd_rank,adp,value_vs_adp,tier,pos_tier
puka-nacua,9493,Puka Nacua,WR,297,296.62,261,FALSE,719.5,287.8575,1,298,605.9038750000001,35.64140441176471,378.9124375000001,480.7148750000001,859.6273125000002,1,4.49,3.49,1,1
jaxon-smith-njigba,9488,Jaxon Smith-Njigba,WR,271.9,271.11,237.1,FALSE,697.9,262.90375,3,298,581.4531874999999,34.203128676470584,354.46174999999994,456.26418749999993,810.7259374999999,2,7.31,5.31,1,1
ja-marr-chase,7564,Ja'Marr Chase,WR,278.3,276.92,252.6,FALSE,505.6,271.3575,2,298,559.7938750000001,32.92905147058824,332.8024375000001,434.6048750000001,767.4073125000002,3,3.96,0.96,1,1
amon-ra-st-brown,7547,Amon-Ra St. Brown,WR,263.3,261.68,229.5,FALSE,536,254.2425,4,298,549.8061250000001,32.341536764705886,322.8146875000001,424.6171250000001,747.4318125000002,4,13.69,9.69,1,1
josh-allen,4984,Josh Allen,QB,443.7,446.25,431.5,FALSE,606.62,441.60625,1,178.33,617.9388125,36.34934191176471,246.7804125,492.7498125000001,739.5302250000001,5,4.27,-0.7300000000000004,1,1
ceedee-lamb,6786,CeeDee Lamb,WR,245.4,224.92,224.5,FALSE,403.4,232.495,5,298,511.43075,30.084161764705883,284.4393125,386.24175,670.6810625,6,15.09,9.09,2,1
drake-maye,11564,Drake Maye,QB,402.96,405.06,395.76,FALSE,522.46,401.9475,2,178.33,571.604875,33.62381617647059,200.44647499999996,446.415875,646.86235,7,11.48,4.48,2,2
bijan-robinson,9509,Bijan Robinson,RB,311.9,334.23,296.9,FALSE,630.3,316.52375,2,157,497.0401875,29.237658088235293,270.04875000000004,371.85118750000004,641.8999375000001,8,3.19,-4.8100000000000005,2,1
jahmyr-gibbs,9221,Jahmyr Gibbs,RB,328,338.96,279.9,FALSE,583.4,320.085,1,157,493.03225,29.001897058823527,266.0408125,367.84325,633.8840625,9,3.3,-5.7,2,1
justin-jefferson,6794,Justin Jefferson,WR,236.1,220.79,202.1,FALSE,332,221.85875,6,298,491.6799375,28.922349264705883,264.6885,366.4909375,631.1794375,10,15.66,5.66,2,1
trey-mcbride,8130,Trey McBride,TE,310.8,321.74,292.4,FALSE,606.9,310.3025,1,147.67,480.31162499999994,28.253624999999996,253.32018749999995,355.12262499999997,608.4428125,11,9.52,-1.4800000000000004,3,1
christian-mccaffrey,4034,Christian McCaffrey,RB,314.1,305.2,260,FALSE,616.6,297.2375,3,157,478.591875,28.152463235294118,251.60043750000003,353.402875,605.0033125,12,9.78,-2.2200000000000006,3,1
jalen-hurts,6904,Jalen Hurts,QB,392.96,386.36,366.54,FALSE,485.06,383.88,5,178.33,550.6375,32.39044117647059,179.47910000000002,425.4485000000001,604.9276000000001,13,33.85,20.85,3,2
lamar-jackson,4881,Lamar Jackson,QB,402.36,398.97,390,FALSE,347.86,397.99875,3,178.33,542.0584375,31.885790441176468,170.90003749999994,416.8694375,587.76947499999994,14,15.04,1.0399999999999991,4,2
jonathan-taylor,6813,Jonathan Taylor,RB,287.1,291.31,258.3,FALSE,550.8,281.47875,4,157,455.3269375,26.7839375,228.3355,330.1379375,558.4734375,15,13.87,-1.1300000000000008,5,1
dak-prescott,3294,Dak Prescott,QB,375.08,384.69,382.88,FALSE,584.28,380.63374999999996,7,134,525.0806875,30.88709926470588,153.92228749999992,399.8916875,553.8139749999999,16,39.75,23.75,5,2
matthew-stafford,421,Matthew Stafford,QB,391.18,0,359.22,FALSE,594.38,378.396,9,134,524.6936,30.864329411764704,153.53519999999992,399.5046,553.0397999999999,17,72.36,55.36,5,2
george-pickens,8137,George Pickens,WR,199.6,212,197.9,FALSE,547.4,203.825,11,229.67,450.58075,26.50475,223.58931250000003,325.39175,548.9810625,18,29.58,11.579999999999998,5,2
joe-burrow,6770,Joe Burrow,QB,393.7,392.89,388.12,FALSE,210.96,392.00125,4,178.33,516.4255625000001,30.377974264705887,145.26716250000004,391.2365625000001,536.5037250000001,19,17.39,-1.6099999999999994,5,2
drake-london,8112,Drake London,WR,218.1,240.29,197.7,FALSE,369.4,221.32125,7,229.67,438.75256249999995,25.80897426470588,211.76112499999996,313.5635625,525.3246875,20,20.34,0.33999999999999986,6,2
nico-collins,7569,Nico Collins,WR,207.5,209.63,198,FALSE,433.7,205.92374999999998,10,229.67,435.3096875,25.606452205882352,208.31825,310.12068750000003,518.4389375000001,21,26.64,5.640000000000001,6,2
trevor-lawrence,7523,Trevor Lawrence,QB,370.56,0,373.42,FALSE,511.68,371.704,10,134,506.6004,29.800023529411764,135.44199999999995,381.41139999999996,516.8534,22,43.15,21.15,6,3
james-cook,8138,James Cook,RB,266.2,258.37,249.3,FALSE,534.2,259.03875,6,157,433.76293749999996,25.515466911764705,206.77149999999997,308.57393749999994,515.3454374999999,23,16.66,-6.34,6,1
bo-nix,11563,Bo Nix,QB,370.34,0,365.72,FALSE,500.84,368.492,12,134,502.2442,29.543776470588234,131.08579999999995,377.0552,508.14099999999996,24,54.52,30.520000000000003,7,3
jayden-daniels,11566,Jayden Daniels,QB,383.16,389.23,372.72,FALSE,166.28,382.82625,6,178.33,501.9248125,29.524988970588232,130.76641249999994,376.73581249999995,507.5022249999999,25,17.99,-7.010000000000002,7,3
aj-brown,5859,A.J. Brown,WR,206.5,213.38,195.8,FALSE,391.3,206.405,9,229.67,429.35875,25.256397058823527,202.3673125,304.16975,506.53706250000005,26,32.3,6.299999999999997,7,2
derrick-henry,3198,Derrick Henry,RB,263.5,267.52,240.2,FALSE,471.5,259.1825,5,157,424.48012500000004,24.96941911764706,197.48868750000005,299.2911250000001,496.77981250000016,27,36.67,9.670000000000002,8,1
brock-bowers,11604,Brock Bowers,TE,290.3,292.11,283,FALSE,351.7,289.15375,2,147.67,424.0551875,24.944422794117646,197.06375,298.8661875,495.92993750000005,28,6.82,-21.18,8,1
chris-olave,8144,Chris Olave,WR,197.2,210.84,191.8,FALSE,382,200.96499999999997,12,229.67,423.33975,24.902338235294117,196.3483125,298.15075,494.49906250000004,29,36.48,7.479999999999997,8,2
rashee-rice,10229,Rashee Rice,WR,225.6,225.42,164,FALSE,245.6,210.1325,8,229.67,410.672125,24.15718382352941,183.6806875,285.483125,469.16381249999995,30,44.91,14.909999999999997,9,2
brock-purdy,8183,Brock Purdy,QB,380.94,384.81,372.66,FALSE,277.88,380.32125,8,134,478.8550625,28.167944852941176,107.69666249999995,353.66606249999995,461.3627249999999,31,52.3,21.299999999999997,10,4
jaxson-dart,12508,Jaxson Dart,QB,370.9,373.25,364.54,FALSE,330.08,370.19124999999997,11,134,478.07456249999996,28.12203308823529,106.91616249999993,352.8855625,459.8017249999999,32,41.85,9.850000000000001,10,4
justin-herbert,6797,Justin Herbert,QB,362.44,0,373.3,FALSE,524.88,366.784,13,89,466.14840000000004,27.42049411764706,94.99000000000001,340.9594000000001,435.9494000000001,33,34.39,1.3900000000000006,11,4
tyler-warren,12518,Tyler Warren,TE,248.9,243.8,229.2,FALSE,384.5,242.0625,4,147.67,388.94762499999996,22.879272058823528,161.95618749999997,263.75862499999994,425.7148124999999,34,35.34,1.3400000000000034,12,1
zay-flowers,9997,Zay Flowers,WR,200,205.65,187.2,FALSE,458.8,198.91875,13,176.33,387.7814375,22.810672794117647,160.79,262.59243749999996,423.3824374999999,35,53.96,18.96,12,3
jared-goff,3163,Jared Goff,QB,353.22,0,359.46,FALSE,533.56,355.716,16,89,458.0426,26.943682352941178,86.88419999999996,332.85360000000003,419.7378,36,67.22,31.22,12,4
colston-loveland,12517,Colston Loveland,TE,245.7,246.88,238.9,FALSE,349.1,244.4425,3,147.67,385.660625,22.685919117647057,158.6691875,260.471625,419.14081250000004,37,24.72,-12.280000000000001,12,1
de-von-achane,9226,De'Von Achane,RB,262.2,277.23,226,FALSE,512.8,258.78625,7,103,384.43831249999994,22.61401838235294,157.44687499999995,259.2493125,416.69618749999995,38,21.73,-16.27,12,1
kyle-pitts,7553,Kyle Pitts,TE,223.8,235.61,204.6,FALSE,453.8,223.42875,6,147.67,383.5039375,22.559055147058825,156.51250000000002,258.31493750000004,414.8274375000001,39,62.16,23.159999999999997,12,1
caleb-williams,11560,Caleb Williams,QB,353.04,0,371.34,FALSE,490.18,360.36,14,89,455.483,26.793117647058825,84.32459999999998,330.294,414.61859999999996,40,26.88,-13.120000000000001,12,4
patrick-mahomes,4046,Patrick Mahomes,QB,366.32,0,349.62,FALSE,462.18,359.64,15,89,450.671,26.510058823529413,79.51259999999996,325.48199999999997,404.99459999999993,41,43.9,2.8999999999999986,13,4
jameson-williams,8148,Jameson Williams,WR,181.4,185.46,176.2,FALSE,488.4,181.6225,19,176.33,377.51962499999996,22.20703676470588,150.52818749999997,252.33062499999997,402.85881249999994,42,53.43,11.43,13,3
harold-fannin,12506,Harold Fannin,TE,226.4,231.39,225.1,FALSE,353.9,227.94625,5,147.67,372.35881249999994,21.903459558823528,145.36737499999995,247.16981249999995,392.5371874999999,43,58.22,15.219999999999999,14,1
tetairoa-mcmillan,12526,Tetairoa McMillan,WR,196.6,189.74,178.9,FALSE,392.4,189.6025,16,176.33,369.902625,21.75897794117647,142.9111875,244.713625,387.6248125,44,46.91,2.9099999999999966,14,3
baker-mayfield,4892,Baker Mayfield,QB,341.22,0,347.88,FALSE,454.92,343.884,18,89,436.1894,25.658199999999997,65.03099999999995,311.0004,376.03139999999996,45,81.46,36.459999999999994,15,5
devonta-smith,7525,DeVonta Smith,WR,194,193.1,179.1,FALSE,343.3,189.9375,15,176.33,362.822375,21.342492647058826,135.83093750000003,237.63337500000003,373.46431250000006,46,50.31,4.310000000000002,15,3
davante-adams,2133,Davante Adams,WR,201.6,188.07,157.7,FALSE,361.4,185.55124999999998,18,176.33,361.8090625,21.282886029411763,134.817625,236.6200625,371.4376875,47,61.3,14.299999999999997,15,3
emeka-egbuka,12514,Emeka Egbuka,WR,184.5,178.11,163.6,FALSE,408.2,176.87875,21,176.33,361.4574375,21.262202205882353,134.46600000000004,236.26843750000003,370.73443750000007,48,55.18,7.18,15,3
jordan-love,6804,Jordan Love,QB,337.02,0,354.52,FALSE,404.14,344.02,17,89,428.68799999999993,25.216941176470584,57.5295999999999,303.4989999999999,361.0285999999998,49,72.84,23.840000000000003,16,5
tee-higgins,6801,Tee Higgins,WR,180,186.41,174.6,FALSE,347.1,181.05375,20,176.33,355.8411875,20.931834558823528,128.84975,230.6521875,359.5019375,50,49.43,-0.5700000000000003,16,4
sam-darnold,4943,Sam Darnold,QB,322.98,0,332.74,FALSE,470.42,326.884,19,89,424.0644,24.944964705882352,52.90599999999995,298.8754,351.78139999999996,51,104.28,53.28,17,5
ashton-jeanty,12527,Ashton Jeanty,RB,249.6,247.69,238.5,FALSE,333.1,246.10875,8,103,346.70743749999997,20.39455514705882,119.71599999999998,221.51843749999998,341.23443749999996,52,21.78,-30.22,18,2
saquon-barkley,4866,Saquon Barkley,RB,253.1,246.74,228,FALSE,330.8,244.44,9,103,344.944,20.290823529411767,117.95256250000003,219.75500000000002,337.70756250000005,53,26.94,-26.06,18,2
chase-brown,9224,Chase Brown,RB,239.9,247.61,209.8,FALSE,377.6,235.26625,12,103,344.1663125,20.245077205882353,117.17487500000001,218.9773125,336.1521875,54,33.07,-20.93,18,2
rome-odunze,11620,Rome Odunze,WR,180.4,179.05,156.7,FALSE,289.6,173.96875,24,176.33,341.1939375,20.07023161764706,114.20250000000001,216.0049375,330.2074375,55,74.78,19.78,18,5
ladd-mcconkey,11635,Ladd McConkey,WR,179.3,174.54,171.8,FALSE,262.4,175.64000000000001,23,176.33,338.53450000000004,19.91379411764706,111.54306250000005,213.34550000000004,324.8885625000001,56,53.55,-2.450000000000003,18,5
josh-jacobs,5850,Josh Jacobs,RB,259.8,241.57,190.1,FALSE,337.6,235.53875000000002,11,103,338.3979375,19.905761029411764,111.40650000000002,213.20893750000002,324.61543750000004,57,53.55,-3.450000000000003,18,2
garrett-wilson,8146,Garrett Wilson,WR,203.8,198.38,188.1,FALSE,128.5,197.8425,14,176.33,337.321625,19.842448529411765,110.3301875,212.132625,322.4628125,58,51.19,-6.810000000000002,18,5
daniel-jones,5870,Daniel Jones,QB,336.42,0,288.52,FALSE,383.44,317.26,21,89,402.837,23.696294117647057,31.67859999999996,277.648,309.3266,59,123.8,64.8,19,6
terry-mclaurin,5927,Terry McLaurin,WR,180.8,179.69,165.6,FALSE,180.2,176.58375,22,176.33,327.0066875,19.2356875,100.01525000000001,201.8176875,301.8329375,60,65.55,5.549999999999997,20,6
malik-nabers,11632,Malik Nabers,WR,182.3,187.27,191.6,FALSE,112.6,186.48875,17,176.33,325.2859375,19.134466911764704,98.2945,200.0969375,298.3914375,61,33.6,-27.4,20,6
cj-stroud,9758,C.J. Stroud,QB,314.74,0,292.2,FALSE,380.54,305.724,23,89,392.5964,23.093905882352942,21.437999999999988,267.40740000000005,288.84540000000004,62,107,45,21,6
courtland-sutton,5045,Courtland Sutton,WR,171.8,169.98,139.5,FALSE,395.2,163.04250000000002,30,144,320.266125,18.83918382352941,93.2746875,195.077125,288.3518125,63,92.61,29.61,21,6
alec-pierce,8142,Alec Pierce,WR,166.4,175.89,157,FALSE,367.3,167.60875,26,144,319.96243749999996,18.821319852941173,92.97099999999998,194.77343749999997,287.74443749999995,64,94.66,30.659999999999997,21,6
omarion-hampton,12507,Omarion Hampton,RB,254.6,240.68,221.9,FALSE,176.2,241.20499999999998,10,103,319.00425,18.764955882352943,92.01281250000002,193.81525000000002,285.82806250000004,65,25.99,-39.010000000000005,21,3
tyler-shough,12545,Tyler Shough,QB,327.88,0,320,FALSE,247.96,324.728,20,89,388.8628,22.874282352941176,17.704399999999964,263.67380000000003,281.3782,66,90.43,24.430000000000007,22,6
jaylen-waddle,7526,Jaylen Waddle,WR,174.8,167.92,155,FALSE,333.62,167.27,27,144,314.6225,18.50720588235294,87.63106250000001,189.4335,277.0645625,67,59.45,-7.549999999999997,23,6
breece-hall,8155,Breece Hall,RB,251.9,233,199.6,FALSE,348.16,231.7375,14,72.5,310.825875,18.283875,83.8344375,185.636875,269.4713125,68,46.24,-21.759999999999998,24,3
bryce-young,9228,Bryce Young,QB,304.56,0,282.26,FALSE,371.04,295.64,25,89,382.59999999999997,22.505882352941175,11.441599999999937,257.41099999999994,268.8525999999999,69,131.45,62.44999999999999,24,6
dk-metcalf,5846,DK Metcalf,WR,162.6,162.57,152.3,FALSE,343.2,160.01375,33,144,309.8916875,18.228922794117647,82.90025,184.7026875,267.6029375,70,94.18,24.180000000000007,24,6
travis-kelce,1466,Travis Kelce,TE,212,224.99,198.5,FALSE,382.7,213.49625,8,82.67,309.14631249999996,18.18507720588235,82.15487499999998,183.95731249999997,266.11218749999995,71,99.35,28.349999999999994,24,2
dj-moore,4983,DJ Moore,WR,173.7,172.58,149.5,FALSE,294.18,167.23,28,144,308.6725,18.15720588235294,81.68106250000002,183.48350000000002,265.16456250000005,72,68.97,-3.030000000000001,24,6
jeremiyah-love,13287,Jeremiyah Love,RB,248.3,232.82,214.5,TRUE,0,234.04500000000002,13,72.5,306.545,18.03205882352941,79.55356250000003,181.35600000000002,260.90956250000005,73,36.63,-36.37,25,3
parker-washington,9487,Parker Washington,WR,150.9,0,158.2,FALSE,350.2,153.82,35,144,305.67699999999996,17.980999999999998,78.68556249999997,180.48799999999997,259.17356249999995,74,95.34,21.340000000000003,25,6
carnell-tate,13279,Carnell Tate,WR,175.8,150.72,154.8,TRUE,0,161.145,31,144,305.145,17.94970588235294,78.15356249999999,179.956,258.1095625,75,73.73,-1.269999999999996,25,6
luther-burden,12519,Luther Burden,WR,166.2,170.68,166.7,FALSE,248.4,168.005,25,144,302.46425,17.79201470588235,75.4728125,177.27525,252.7480625,76,52.87,-23.130000000000003,26,6
kenneth-walker,8151,Kenneth Walker,RB,0,231.08,212,FALSE,322.9,223.44799999999998,15,72.5,299.9908,17.646517647058822,72.99936249999999,174.8018,247.80116249999998,77,24.07,-52.93,27,3
geno-smith,1373,Geno Smith,QB,300.52,0,288.48,FALSE,294.4,295.704,24,89,371.15840000000003,21.832847058823532,0,245.96940000000004,245.96940000000004,78,168.05,90.05000000000001,27,6
george-kittle,4217,George Kittle,TE,228.2,0,180.4,FALSE,336.5,209.07999999999998,9,82.67,298.4625,17.556617647058822,71.47106249999999,173.27349999999998,244.74456249999997,79,100.54,21.540000000000006,27,2
javonte-williams,7588,Javonte Williams,RB,244,217.83,187.8,FALSE,319.8,220.13625000000002,16,72.5,296.7108125,17.45357720588235,69.71937499999999,171.52181249999998,241.24118749999997,80,59.88,-20.119999999999997,27,3
kyren-williams,8150,Kyren Williams,RB,218,228.98,189.3,FALSE,345.8,214.9425,17,72.5,296.196125,17.423301470588235,69.2046875,171.007125,240.2118125,81,49.33,-31.67,27,3
travis-etienne,7543,Travis Etienne,RB,219.8,214.11,197.9,FALSE,360.4,212.19125000000003,18,72.5,296.0475625,17.414562500000002,69.05612500000004,170.85856250000003,239.91468750000007,82,56.85,-25.15,27,3
christian-watson,8167,Christian Watson,WR,157.8,163.36,159.9,FALSE,245.9,160.41000000000003,32,144,295.6335,17.390205882352944,68.64206250000004,170.44450000000003,239.08656250000007,83,75.09,-7.909999999999997,27,7
dallas-goedert,5022,Dallas Goedert,TE,213.6,212.08,168.5,FALSE,329.6,201.755,11,82.67,291.20125,17.129485294117647,64.20981250000003,166.01225000000002,230.22206250000005,84,111.23,27.230000000000004,28,2
cam-ward,12522,Cam Ward,QB,0,0,286.84,FALSE,281.16,286.84,27,89,361.638,21.272823529411763,-9.520400000000052,236.44899999999998,226.92859999999993,85,104.08,19.08,29,6
sam-laporta,10859,Sam LaPorta,TE,225.8,218.63,211.1,FALSE,216.9,219.43625,7,82.67,289.3253125,17.019136029411765,62.333875000000006,164.1363125,226.4701875,86,69.61,-16.39,29,2
kyler-murray,5849,Kyler Murray,QB,310.1,0,320.2,FALSE,122.28,314.14,22,89,361.01099999999997,21.235941176470586,-10.147400000000061,235.82199999999997,225.6745999999999,87,93.69,6.689999999999998,29,6
marvin-harrison,11628,Marvin Harrison,WR,160.1,164.13,145.7,FALSE,210.3,158.01125,34,144,288.2545625,16.95615073529412,61.26312500000003,163.06556250000003,224.32868750000006,88,90.16,2.1599999999999966,29,8
brian-thomas,11631,Brian Thomas,WR,146.8,0,152.9,FALSE,240.8,149.24,36,144,285.37399999999997,16.78670588235294,58.38256249999998,160.18499999999997,218.56756249999995,89,86.96,-2.0400000000000063,29,8
jake-ferguson,8110,Jake Ferguson,TE,205.5,0,196.8,FALSE,286.1,202.01999999999998,10,82.67,284.9015,16.758911764705882,57.91006250000001,159.7125,217.62256250000002,90,106.06,16.060000000000002,29,2
mike-evans,2216,Mike Evans,WR,155.3,164.22,173,FALSE,139.8,163.07,29,144,281.97950000000003,16.587029411764707,54.98806250000004,156.79050000000004,211.77856250000008,91,70.76,-20.239999999999995,29,8
aaron-rodgers,96,Aaron Rodgers,QB,286.46,0,224,FALSE,362.08,261.476,28,89,352.2166,20.718623529411765,-18.9418,227.02760000000004,208.08580000000003,92,176.88,84.88,29,6
d-andre-swift,6790,D'Andre Swift,RB,195.3,206.69,177.4,FALSE,307.6,195.09625,22,72.5,273.5968125,16.093930147058824,46.60537500000001,148.4078125,195.01318750000002,93,76.27,-16.730000000000004,30,4
tucker-kraft,9484,Tucker Kraft,TE,194,197.9,198.8,FALSE,237.2,196.66250000000002,12,82.67,273.012625,16.05956617647059,46.021187500000025,147.82362500000002,193.84481250000005,94,57.7,-36.3,30,3
fernando-mendoza,13269,Fernando Mendoza,QB,240.72,0,267.16,TRUE,0,251.296,29,89,340.296,20.017411764705884,-30.862400000000036,215.107,184.24459999999996,95,106.78,11.780000000000001,31,6
cam-skattebo,12481,Cam Skattebo,RB,219.7,224.49,170.7,FALSE,173.2,209.24624999999997,19,72.5,265.46431249999995,15.615547794117644,38.47287499999996,140.27531249999996,178.74818749999991,96,66.07,-29.930000000000007,31,5
malik-willis,8161,Malik Willis,QB,292.66,0,297.78,FALSE,72.68,294.70799999999997,26,89,337.05379999999997,19.826694117647058,-34.10460000000006,211.86479999999997,177.7601999999999,97,115.42,18.42,31,6
bucky-irving,11584,Bucky Irving,RB,201.5,210.51,183.3,FALSE,212.5,200.32875,20,72.5,263.7794375,15.516437499999999,36.78799999999998,138.59043749999998,175.37843749999996,98,57.55,-40.45,31,5
quinshon-judkins,12512,Quinshon Judkins,RB,210,200.11,169.8,FALSE,231.8,196.24125,21,72.5,263.2000625,15.482356617647058,36.20862500000001,138.0110625,174.21968750000002,99,74.15,-24.849999999999994,31,5
michael-wilson,10232,Michael Wilson,WR,132.9,140.68,139.9,FALSE,373.6,137.5675,49,104.33,261.652875,15.391345588235295,34.661437500000005,136.463875,171.1253125,100,94.7,-5.299999999999997,31,9
wan-dale-robinson,8126,Wan'Dale Robinson,WR,135.4,148.03,127,FALSE,359.9,138.03625,48,104.33,259.9963125,15.293900735294116,33.004875,134.8073125,167.8121875,101,116.2,15.200000000000003,31,9
jacoby-brissett,3257,Jacoby Brissett,QB,251.36,0,203,FALSE,384.94,232.01600000000002,30,89,330.6046,19.447329411764706,-40.553800000000024,205.4156,164.8618,102,160.43,58.43000000000001,31,6
treveyon-henderson,12529,TreVeyon Henderson,RB,190.9,184.59,164,FALSE,271.7,181.80875,23,72.5,256.9174375,15.112790441176472,29.926000000000016,131.7284375,161.65443750000003,103,62.76,-40.24,31,5
hunter-henry,3214,Hunter Henry,TE,176.8,0,174.9,FALSE,381.3,176.04000000000002,19,58,256.129,15.066411764705883,29.13756250000003,130.94000000000003,160.07756250000006,104,113.66,9.659999999999997,31,4
dalton-kincaid,10236,Dalton Kincaid,TE,182.3,0,188.6,FALSE,328.6,184.82000000000002,15,58,255.687,15.040411764705883,28.695562500000023,130.49800000000002,159.19356250000004,105,93.51,-11.489999999999995,31,4
juwan-johnson,7002,Juwan Johnson,TE,176.2,0,163.6,FALSE,389.4,171.15999999999997,20,58,253.19599999999997,14.893882352941175,26.20456249999998,128.00699999999998,154.21156249999996,106,129.18,23.180000000000007,31,4
quentin-johnston,9754,Quentin Johnston,WR,140.9,144.42,134.9,FALSE,297.2,140.72,42,104.33,252.8725,14.87485294117647,25.881062500000013,127.68350000000001,153.56456250000002,107,112.6,5.599999999999994,31,10
jordyn-tyson,13281,Jordyn Tyson,WR,155.2,143.38,145.6,TRUE,0,148.3675,37,104.33,252.6975,14.86455882352941,25.7060625,127.5085,153.2145625,108,86.22,-21.78,31,10
michael-pittman,6819,Michael Pittman,WR,154,151.72,133.5,FALSE,242.4,148.01999999999998,38,104.33,250.85749999999996,14.756323529411763,23.86606249999997,125.66849999999997,149.53456249999994,109,120.68,11.680000000000007,32,10
jakobi-meyers,5947,Jakobi Meyers,WR,144.8,0,137.3,FALSE,260.8,141.8,40,104.33,248.3305,14.607676470588235,21.33906250000001,123.14150000000001,144.48056250000002,110,103.6,-6.400000000000006,33,10
romeo-doubs,8121,Romeo Doubs,WR,142.3,135.83,138.7,FALSE,275.4,138.97375,45,104.33,248.11818749999998,14.595187499999998,21.126749999999987,122.92918749999998,144.05593749999997,111,133.2,22.19999999999999,33,10
mark-andrews,5012,Mark Andrews,TE,200.3,0,184.8,FALSE,216.5,194.10000000000002,13,58,246.76000000000002,14.51529411764706,19.76856250000003,121.57100000000003,141.33956250000006,112,104.55,-7.450000000000003,34,5
david-montgomery,5892,David Montgomery,RB,179.6,178.35,182.4,FALSE,210.92,179.83124999999998,24,72.5,246.11956249999997,14.47762132352941,19.128124999999983,120.93056249999998,140.05868749999996,113,78.13,-34.870000000000005,34,5
jordan-addison,9756,Jordan Addison,WR,138.4,140.49,134.1,FALSE,266.1,138.10875000000001,47,104.33,245.98793750000002,14.46987867647059,18.996500000000026,120.79893750000002,139.79543750000005,114,113.99,-0.010000000000005116,34,10
makai-lemon,13294,Makai Lemon,WR,143.1,140.18,138.5,TRUE,0,140.855,41,104.33,245.185,14.422647058823529,18.193562500000013,119.99600000000001,138.18956250000002,115,97.93,-17.069999999999993,34,10
brenton-strange,9480,Brenton Strange,TE,172.3,0,184.8,FALSE,268.5,177.3,18,58,240.28,14.134117647058824,13.288562500000012,115.09100000000001,128.37956250000002,116,127.25,11.25,35,5
xavier-worthy,11624,Xavier Worthy,WR,149.9,140.26,136,FALSE,201.4,142.81,39,104.33,240.279,14.134058823529411,13.287562500000007,115.09,128.3775625,117,125.13,8.129999999999995,35,11
kenyon-sadiq,13330,Kenyon Sadiq,TE,193.7,0,164.4,TRUE,0,181.98,17,58,239.98,14.116470588235293,12.9885625,114.791,127.7795625,118,125.1,7.099999999999994,35,5
khalil-shakir,8134,Khalil Shakir,WR,136.7,138.26,132,FALSE,224.4,136.10999999999999,51,104.33,238.034,14.001999999999999,11.042562500000003,112.845,123.8875625,119,143.81,24.810000000000002,36,11
dalton-schultz,5001,Dalton Schultz,TE,162.1,0,161,FALSE,322.7,161.66,22,58,235.11599999999999,13.83035294117647,8.124562499999996,109.92699999999999,118.05156249999999,120,128.55,8.550000000000011,37,5
tj-hockenson,5844,T.J. Hockenson,TE,198.9,0,160,FALSE,196.8,183.34,16,58,234.65900000000002,13.803470588235296,7.667562500000031,109.47000000000003,117.13756250000006,121,142.67,21.669999999999987,37,5
ricky-pearsall,11638,Ricky Pearsall,WR,136.8,135.72,139.7,FALSE,194.6,137.12,50,104.33,234.42249999999999,13.789558823529411,7.431062499999996,109.23349999999999,116.66456249999999,122,108.64,-13.36,37,11
oronde-gadsden,12493,Oronde Gadsden,TE,140,0,179.1,FALSE,315.4,155.64,23,58,228.904,13.464941176470589,1.912562500000007,103.715,105.62756250000001,123,99.78,-23.22,38,5
kc-concepcion,13298,KC Concepcion,WR,129.2,120.07,124.2,TRUE,0,124.52624999999999,54,104.33,228.85625,13.462132352941175,1.8648124999999993,103.66725,105.5320625,124,136.39,12.389999999999986,38,12
matthew-golden,12501,Matthew Golden,WR,153.4,129.14,132.3,FALSE,145,139.0275,44,104.33,228.60387500000002,13.447286764705883,1.612437500000027,103.41487500000002,105.02731250000005,125,145.98,20.97999999999999,38,12
chris-godwin,4037,Chris Godwin,WR,130.3,146.55,139.6,FALSE,136,138.71875,46,104.33,226.9914375,13.352437499999999,0,101.8024375,101.8024375,126,108.32,-17.680000000000007,39,12
rico-dowdle,7021,Rico Dowdle,RB,168.7,170.83,138.6,FALSE,337.8,161.97375,32,45.17,226.7421875,13.337775735294118,-0.2492499999999893,101.5531875,101.30393750000002,127,111.57,-15.430000000000007,39,6
isaiah-likely,8131,Isaiah Likely,TE,188.5,0,180.7,FALSE,132.2,185.38,14,58,226.70299999999997,13.335470588235292,-0.2884375000000148,101.51399999999998,101.22556249999997,128,116.67,-11.329999999999998,39,5
josh-downs,9500,Josh Downs,WR,128.9,135.3,132.1,FALSE,165.4,132.10000000000002,52,104.33,225.7755,13.280911764705882,-1.2159374999999955,100.5865,99.3705625,129,127.83,-1.1700000000000017,39,12
rhamondre-stevenson,7611,Rhamondre Stevenson,RB,176.5,171.3,159.9,FALSE,274.3,170.4,28,45.17,224.3795,13.19879411764706,-2.611937499999982,99.19050000000001,96.57856250000003,130,101.42,-28.58,39,6
jaylen-warren,8228,Jaylen Warren,RB,163.8,173.42,156.6,FALSE,295.6,165.60750000000002,29,45.17,223.50087500000004,13.147110294117649,-3.490562499999953,98.31187500000004,94.82131250000009,131,96.34,-34.66,39,6
rashid-shaheed,8676,Rashid Shaheed,WR,118.8,133.3,113.2,FALSE,202.1,122.8375,55,104.33,223.407375,13.141610294117648,-3.5840624999999875,98.21837500000001,94.63431250000002,132,154.56,22.560000000000002,39,12
pat-freiermuth,7600,Pat Freiermuth,TE,168.1,0,153.9,FALSE,229.6,162.42,21,58,221.79699999999997,13.046882352941175,-5.194437500000021,96.60799999999998,91.41356249999995,133,192.76,59.75999999999999,39,5
tony-pollard,5967,Tony Pollard,RB,176.7,179.65,148.1,FALSE,252.3,170.65625,27,45.17,221.2973125,13.017488970588236,-5.6941249999999854,96.10831250000001,90.41418750000003,134,106.3,-27.700000000000003,39,6
jadarian-price,13286,Jadarian Price,RB,180.9,178.39,162.5,TRUE,0,175.35875,26,45.17,220.52875,12.972279411764706,-6.462687499999987,95.33975000000001,88.87706250000002,135,101.51,-33.489999999999995,39,6
jayden-reed,10222,Jayden Reed,WR,135,145.24,138.8,FALSE,83,139.79000000000002,43,104.33,219.952,12.93835294117647,-7.039437499999991,94.763,87.72356250000001,136,122.26,-13.739999999999995,39,12
tre-tucker,10213,Tre Tucker,WR,113.5,117.69,91.8,FALSE,247.2,109.64625,59,104.33,218.9598125,12.879988970588235,-8.031624999999991,93.7708125,85.73918750000001,137,203.58,66.58000000000001,39,12
jalen-coker,11646,Jalen Coker,WR,117.7,125.77,133.9,FALSE,145.4,124.77625,53,104.33,216.5503125,12.738253676470588,-10.441125,91.3613125,80.9201875,138,147.16,9.159999999999997,40,12
jayden-higgins,12484,Jayden Higgins,WR,111.8,113.72,135.2,FALSE,170,118.36999999999999,56,104.33,214.795,12.635,-12.196437500000002,89.606,77.40956249999999,139,138.81,-0.18999999999999773,41,12
denzel-boston,13346,Denzel Boston,WR,107.9,103.5,119.2,TRUE,0,109.075,60,104.33,213.405,12.553235294117647,-13.586437499999988,88.21600000000001,74.62956250000002,140,160.16,20.159999999999997,41,12
jauan-jennings,7049,Jauan Jennings,WR,89.6,111.2,108.1,FALSE,251.3,102.32499999999999,64,104.33,213.35174999999995,12.550102941176467,-13.639687500000036,88.16274999999996,74.52306249999992,141,149.46,8.460000000000008,41,12
aj-barner,11603,AJ Barner,TE,136.5,0,171.4,FALSE,237.3,150.46,25,58,212.786,12.516823529411765,-14.205437499999988,87.59700000000001,73.39156250000002,142,146.04,4.039999999999992,41,6
chig-okonkwo,8210,Chig Okonkwo,TE,0,0,148.9,FALSE,245,148.9,26,58,212.615,12.506764705882354,-14.37643749999998,87.42600000000002,73.04956250000004,143,136.22,-6.780000000000001,41,6
brandon-aiyuk,6803,Brandon Aiyuk,WR,0,0,106.3,FALSE,0,106.3,62,104.33,210.63,12.39,-16.361437499999994,85.441,69.07956250000001,144,187.28,43.28,41,12
jerry-jeudy,6783,Jerry Jeudy,WR,114.4,119.38,98.1,FALSE,172.7,112.1925,57,104.33,209.94912499999998,12.349948529411764,-17.04231250000001,84.76012499999999,67.71781249999998,145,175.52,30.52000000000001,41,12
cade-otton,8111,Cade Otton,TE,132,0,156,FALSE,257.7,141.6,27,58,208.315,12.253823529411765,-18.67643749999999,83.126,64.44956250000001,146,171.03,25.03,41,6
jalen-nailor,8180,Jalen Nailor,WR,95.6,104.89,116.1,FALSE,196.2,104.20875,63,104.33,206.6879375,12.158113970588236,-20.303499999999985,81.49893750000001,61.195437500000025,147,172.29,25.289999999999992,41,12
omar-cooper,13276,Omar Cooper,WR,87,99.83,123.8,TRUE,0,101.01125,65,104.33,205.34125,12.078897058823529,-21.650187499999987,80.15225000000001,58.50206250000002,148,162.66,14.659999999999997,41,12
chuba-hubbard,7594,Chuba Hubbard,RB,160.4,171.46,161.1,FALSE,171.9,164.7225,30,45.17,204.19362499999997,12.011389705882351,-22.79781250000002,79.00462499999998,56.206812499999955,149,106.85,-42.150000000000006,41,7
bhayshul-tuten,12490,Bhayshul Tuten,RB,189.2,0,154.9,FALSE,105.1,175.48,25,45.17,203.31749999999997,11.959852941176468,-23.673937500000022,78.12849999999997,54.45456249999995,150,76.96,-73.04,41,7
rj-harvey,12489,RJ Harvey,RB,146.2,157.18,127.6,FALSE,262.1,145.6675,35,45.17,201.52687499999996,11.854522058823527,-25.464562500000028,76.33787499999997,50.87331249999994,151,86.37,-64.63,41,7
gunnar-helm,12502,Gunnar Helm,TE,154.5,0,146.3,FALSE,156.2,151.22,24,58,201.267,11.839235294117646,-25.724437499999993,76.078,50.35356250000001,152,164.09,12.090000000000003,41,6
calvin-ridley,4981,Calvin Ridley,WR,122.4,128.74,63.8,FALSE,125.3,110.12750000000001,58,104.33,201.08387499999998,11.828463235294116,-25.90756250000001,75.89487499999998,49.98731249999997,153,209.34,56.34,41,13
jk-dobbins,6806,J.K. Dobbins,RB,166.3,167.51,147.2,FALSE,156.9,161.97875,31,45.17,199.6114375,11.741849264705882,-27.379999999999995,74.4224375,47.042437500000005,154,120.32,-33.68000000000001,41,7
germie-bernard,13274,Germie Bernard,WR,102.1,97.06,80.9,TRUE,0,94.91,67,104.33,199.24,11.72,-27.75143749999998,74.05100000000002,46.299562500000036,155,209.16,54.16,41,13
antonio-williams,13301,Antonio Williams,WR,92.9,106.28,79.5,TRUE,0,94.56750000000001,68,104.33,198.8975,11.699852941176472,-28.09393749999998,73.708500000000015,45.614562500000034,156,164,8,41,13
kyle-monangai,12534,Kyle Monangai,RB,159,145.97,145.1,FALSE,198.7,150.63875,34,45.17,196.2424375,11.543672794117647,-30.748999999999995,71.0534375,40.304437500000006,157,108.65,-48.349999999999994,41,7
aaron-jones,4199,Aaron Jones,RB,167.9,157.45,138.8,FALSE,133.7,156.70625,33,45.17,191.64981250000002,11.273518382352943,-35.341624999999965,66.46081250000003,31.119187500000066,158,133.37,-24.629999999999995,42,7
cooper-kupp,4039,Cooper Kupp,WR,84.2,102.63,70.4,FALSE,188.8,87.66125,69,104.33,191.51256249999997,11.265444852941174,-35.478875000000016,66.32356249999998,30.844687499999964,159,227.68,68.68,42,14
tank-dell,9502,Tank Dell,WR,57.3,116.6,80.8,FALSE,0,85.4125,71,104.33,189.7425,11.161323529411765,-37.24893749999998,64.55350000000001,27.30456250000003,160,199.91,39.91,42,14
jalen-mcmillan,11618,Jalen McMillan,WR,109,110.66,98.4,FALSE,57.9,106.9725,61,104.33,188.292125,11.076007352941176,-38.69931249999999,63.103125000000006,24.403812500000015,161,168.8,7.800000000000011,42,14
rashod-bateman,7571,Rashod Bateman,WR,104.5,114.64,70.1,FALSE,80.9,99.7025,66,104.33,185.562625,10.915448529411764,-41.42881249999999,60.373625000000004,18.944812500000012,162,227.71,65.71000000000001,43,14
tua-tagovailoa,6768,Tua Tagovailoa,QB,151.16,0,181.94,FALSE,283.2,163.47199999999998,31,89,257.08119999999997,15.122423529411762,-114.07720000000006,131.89219999999997,17.814999999999912,163,174.14,11.139999999999986,43,7
kayshon-boutte,9504,Kayshon Boutte,WR,55.9,85.4,79.1,FALSE,228.1,72.7625,81,104.33,184.743625,10.86727205882353,-42.24781249999998,59.554625000000016,17.306812500000035,164,192.97,28.97,43,14
adonai-mitchell,11625,Adonai Mitchell,WR,95,97.16,52.2,FALSE,149.9,85.11,72,104.33,183.50900000000001,10.79464705882353,-43.482437499999975,58.32000000000002,14.837562500000047,165,184.39,19.389999999999986,43,14
chris-bell,13311,Chris Bell,WR,73.9,85.72,74.7,TRUE,0,78.5325,75,104.33,182.8625,10.756617647058825,-44.12893749999998,57.67350000000002,13.54456250000004,166,207.7,41.69999999999999,43,14
ryan-flournoy,11783,Ryan Flournoy,WR,74.7,73.5,94,FALSE,177.5,79.075,74,104.33,182.51925,10.736426470588235,-44.47218749999999,57.33025000000001,12.858062500000017,167,202.64,35.639999999999986,43,14
troy-franklin,11627,Troy Franklin,WR,43.2,79.32,70.6,FALSE,260.6,63.595,92,104.33,181.82625000000002,10.695661764705884,-45.16518749999997,56.63725000000002,11.47206250000005,168,203.12,35.120000000000005,43,14
terrance-ferguson,12487,Terrance Ferguson,TE,157,0,91.4,FALSE,136.6,130.76,28,58,180.936,10.64329411764706,-46.05543749999998,55.747000000000014,9.691562500000032,169,170.43,1.4300000000000068,43,7
kenny-gainwell,7567,Kenny Gainwell,RB,0,143.37,118.2,FALSE,301.3,133.30200000000002,39,26.08,180.6697,10.627629411764707,-46.32173749999998,55.48070000000001,9.15896250000003,170,122.27,-47.730000000000004,43,8
ja-kobi-lane,13293,Ja'Kobi Lane,WR,70.3,82.37,74.1,TRUE,0,75.77625,80,104.33,180.10625,10.594485294117646,-46.8851875,54.917249999999996,8.032062499999995,171,207.61,36.610000000000014,43,15
rachaad-white,8136,Rachaad White,RB,151.7,151.57,108.7,FALSE,144.5,140.90125,36,45.17,179.83556250000004,10.578562500000002,-47.15587499999995,54.646562500000044,7.490687500000092,172,148.47,-23.53,43,8
darius-slayton,6149,Darius Slayton,WR,71.5,85.66,72.6,FALSE,163.3,77.08500000000001,77,104.33,178.69775,10.511632352941177,-48.293687499999976,53.50875000000002,5.215062500000045,173,205,32,44,16
travis-hunter,12530,Travis Hunter,WR,89.7,0,79.1,FALSE,115.3,85.46000000000001,70,104.33,178.6165,10.50685294117647,-48.37493749999999,53.42750000000001,5.052562500000022,174,170.18,-3.819999999999993,44,16
malik-washington,11610,Malik Washington,WR,83.4,86.73,82.2,FALSE,118.2,84.34875,73,104.33,178.10693749999996,10.476878676470585,-48.88450000000003,52.917937499999965,4.033437499999934,175,205.75,30.75,44,16
mike-gesicki,4993,Mike Gesicki,TE,129.3,0,125.9,FALSE,130.2,127.94000000000001,29,58,177.579,10.445823529411765,-49.41243749999998,52.390000000000015,2.977562500000033,176,227,51,44,7
greg-dulcich,8172,Greg Dulcich,TE,148.1,0,76.5,FALSE,167.3,119.45999999999998,30,58,175.93599999999998,10.349176470588233,-51.05543750000001,50.746999999999986,-0.308437500000025,177,189.32,12.319999999999993,45,7
de-zhaun-stribling,13417,De'Zhaun Stribling,WR,52.6,75.54,93.1,TRUE,0,71.3275,84,104.33,175.6575,10.332794117647058,-51.33393749999999,50.468500000000006,-0.8654374999999845,178,205.79,27.789999999999992,45,17
tyquan-thornton,8188,Tyquan Thornton,WR,65.9,80.29,52.6,FALSE,187.3,67.97125,86,104.33,174.55106249999997,10.267709558823528,-52.44037500000002,49.36206249999998,-3.078312500000038,179,230,51,45,17
evan-engram,4066,Evan Engram,TE,128.8,0,86.2,FALSE,194.8,111.76,31,58,173.516,10.206823529411764,-53.4754375,48.327,-5.1484375,180,225.88,45.879999999999995,45,7
darnell-mooney,7090,Darnell Mooney,WR,82.1,89.13,49.1,FALSE,128.3,76.48625,78,104.33,172.9388125,10.172871323529412,-54.05262499999998,47.74981250000002,-6.302812499999959,181,214.81,33.81,45,17
andrei-iosivas,10226,Andrei Iosivas,WR,64.3,73.42,75.3,FALSE,154.4,70.47,85,104.33,171.74,10.102352941176472,-55.25143749999998,46.551000000000016,-8.700437499999964,182,226,44,45,17
ted-hurst,13317,Ted Hurst,WR,53.1,69.68,83.2,TRUE,0,66.8425,88,104.33,171.1725,10.068970588235295,-55.818937499999976,45.98350000000002,-9.835437499999955,183,199.63,16.629999999999995,45,17
jacory-croskey-merritt,12533,Jacory Croskey-Merritt,RB,141.9,141.86,120.4,FALSE,207.8,136.51000000000002,38,26.08,169.37150000000003,9.963029411764708,-57.61993749999996,44.18250000000003,-13.43743749999993,184,135.39,-48.610000000000014,45,8
tre-harris,12509,Tre' Harris,WR,70.3,73.03,93.4,FALSE,92.9,77.09875,76,104.33,168.14943749999998,9.89114338235294,-58.84200000000001,42.96043749999998,-15.88156250000003,185,198.45,13.449999999999989,45,18
zachariah-branch,13320,Zachariah Branch,WR,65.7,43.46,82.1,TRUE,0,61.46,94,104.33,165.79,9.75235294117647,-61.2014375,40.601,-20.600437499999998,186,195.71,9.710000000000008,46,19
isaac-teslaa,12535,Isaac TeSlaa,WR,60.2,72.48,88.9,FALSE,101.9,71.98,83,104.33,165.14849999999998,9.714617647058823,-61.842937500000005,39.95949999999999,-21.883437500000014,187,186.82,-0.18000000000000682,46,19
caleb-douglas,13296,Caleb Douglas,WR,68.1,75.65,26.5,TRUE,0,60.53125,95,104.33,164.86124999999998,9.697720588235294,-62.130187500000005,39.67224999999999,-22.457937500000014,188,NA,NA,46,19
blake-corum,11586,Blake Corum,RB,152,129.88,129.8,FALSE,158.2,138.155,37,26.08,163.32975,9.607632352941176,-63.6616875,38.14075,-25.520937500000002,189,121.74,-67.26,47,8
jaylin-noel,12536,Jaylin Noel,WR,85.4,45.95,67.4,FALSE,120.9,66.10625000000002,90,104.33,163.00581250000002,9.588577205882354,-63.98562499999997,37.816812500000026,-26.168812499999945,190,219.52,29.52000000000001,47,20
tory-horton,12497,Tory Horton,WR,52.9,80.74,88.8,FALSE,83.6,72.315,82,104.33,162.68824999999998,9.569897058823528,-64.3031875,37.49924999999999,-26.803937500000018,191,213.83,22.830000000000013,47,20
deshaun-watson,4017,Deshaun Watson,QB,156.7,0,128.06,FALSE,0,145.244,32,89,234.244,13.779058823529411,-136.91440000000003,109.055,-27.859400000000022,192,207.06,15.060000000000002,47,7
jack-bech,12483,Jack Bech,WR,75.1,79.8,71.7,FALSE,57.9,76.01249999999999,79,104.33,161.97612499999997,9.528007352941174,-65.01531250000002,36.787124999999975,-28.228187500000047,193,218.15,25.150000000000006,47,20
elijah-sarratt,13268,Elijah Sarratt,WR,51.4,50,73.1,TRUE,0,56.3,98,104.33,160.63,9.448823529411765,-66.3614375,35.441,-30.92043749999999,194,214.04,20.039999999999992,48,20
chris-brazzell,13353,Chris Brazzell,WR,51.8,50.24,70.8,TRUE,0,55.964999999999996,100,104.33,160.295,9.429117647058822,-66.6964375,35.105999999999995,-31.590437500000007,195,209.63,14.629999999999995,48,20
theo-johnson,11597,Theo Johnson,TE,78.4,0,92.5,FALSE,260.3,84.04,37,58,159.779,9.398764705882353,-67.2124375,34.59,-32.62243749999999,196,195.53,-0.46999999999999886,48,8
marquise-brown,5848,Marquise Brown,WR,44.8,0,55,FALSE,195.2,48.879999999999995,103,104.33,159.50849999999997,9.382852941176468,-67.48293750000002,34.31949999999998,-33.16343750000004,197,NA,NA,48,20
pat-bryant,12492,Pat Bryant,WR,58,58.8,78.9,FALSE,109.8,63.525,93,104.33,159.14675,9.361573529411764,-67.84468749999999,33.957750000000004,-33.88693749999999,198,203.84,5.840000000000003,48,20
christian-kirk,4950,Christian Kirk,WR,55.3,85,60.7,FALSE,79.4,67.7875,87,104.33,158.209875,9.306463235294117,-68.78156249999998,33.02087500000002,-35.76068749999996,199,225.63,26.629999999999995,49,20
marvin-mims,9494,Marvin Mims,WR,55.7,55.24,58.4,FALSE,138,56.2025,99,104.33,157.15262499999997,9.244272058823528,-69.83881250000002,31.96362499999998,-37.87518750000004,200,217.47,17.47,50,21
chimere-dike,12540,Chimere Dike,WR,27.9,63.3,72.4,FALSE,160.1,52.3,102,104.33,157.15049999999997,9.244147058823527,-69.84093750000002,31.961499999999972,-37.87943750000005,201,193.8,-7.199999999999989,50,21
kavontae-turpin,8917,KaVontae Turpin,WR,54.2,55.03,63,FALSE,132,56.71125000000001,97,104.33,156.6850625,9.21676838235294,-70.306375,31.496062499999994,-38.81031250000001,202,231,29,50,21
jahan-dotson,8119,Jahan Dotson,WR,68.1,68.84,52.4,FALSE,85.7,64.4525,91,104.33,156.320125,9.195301470588234,-70.6713125,31.131124999999997,-39.5401875,203,NA,NA,50,21
colby-parkinson,6865,Colby Parkinson,TE,78.9,0,100.2,FALSE,217.3,87.42,35,58,156.202,9.18835294117647,-70.78943749999999,31.013000000000005,-39.776437499999986,204,170.94,-33.06,50,8
dontayvion-wicks,9486,Dontayvion Wicks,WR,55,62.31,57.4,FALSE,110.3,58.34125,96,104.33,154.81556249999997,9.106797794117645,-72.17587500000002,29.626562499999977,-42.54931250000004,205,230.17,25.169999999999987,51,22
michael-penix,11559,Michael Penix,QB,143.06,0,137.38,FALSE,210.28,140.788,33,89,226.86180000000002,13.344811764705883,-144.2966,101.67280000000002,-42.62379999999999,206,198.21,-7.789999999999992,51,7
devaughn-vele,11834,Devaughn Vele,WR,50.3,76.63,74.5,FALSE,62.3,66.22375,89,104.33,154.31568749999997,9.07739338235294,-72.67575000000002,29.126687499999974,-43.54906250000005,207,217.25,10.25,51,22
david-njoku,4033,David Njoku,TE,101.2,0,95.2,FALSE,133.3,98.80000000000001,32,58,153.275,9.016176470588235,-73.71643749999998,28.086000000000013,-45.63043749999997,208,148.8,-59.19999999999999,52,8
darnell-washington,9479,Darnell Washington,TE,88.9,0,106.4,FALSE,143.4,95.9,33,58,152.325,8.960294117647058,-74.6664375,27.135999999999996,-47.530437500000005,209,223.36,14.360000000000014,53,8
dawson-knox,5906,Dawson Knox,TE,82,0,90.4,FALSE,200.2,85.36000000000001,36,58,151.886,8.934470588235294,-75.1054375,26.697000000000003,-48.40843749999999,210,NA,NA,53,8
michael-mayer,9482,Michael Mayer,TE,97.8,0,90.1,FALSE,146.8,94.72,34,58,151.832,8.931294117647058,-75.1594375,26.643,-48.516437499999995,211,211.88,0.8799999999999955,53,8
elic-ayomanor,12499,Elic Ayomanor,WR,10.6,63.45,46.7,FALSE,189,39.44375,107,104.33,150.55768750000001,8.85633455882353,-76.433749999999975,25.36868750000002,-51.065062499999954,212,214.32,2.319999999999993,54,23
keon-coleman,11637,Keon Coleman,WR,48.1,50.1,31.8,FALSE,156.4,44.775000000000006,106,104.33,150.19925,8.83525,-76.79218749999998,25.010250000000013,-51.78193749999997,213,227,14,54,23
skyler-bell,13402,Skyler Bell,WR,34,35.3,76.2,TRUE,0,45.0375,105,104.33,149.3675,8.786323529411765,-77.62393749999998,24.178500000000014,-53.44543749999997,214,213.33,-0.6699999999999875,54,23
jordan-mason,8408,Jordan Mason,RB,119.6,126.91,120,FALSE,153.9,122.44125,40,26.08,149.32806250000002,8.78400367647059,-77.66337499999997,24.139062500000023,-53.52431249999995,215,150.85,-64.15,54,9
jalen-tolbert,8117,Jalen Tolbert,WR,73.7,53.58,27.7,FALSE,62.8,54.655,101,104.33,144.55724999999998,8.503367647058823,-82.43418750000001,19.36824999999999,-63.06593750000002,216,NA,NA,55,24
zach-charbonnet,9753,Zach Charbonnet,RB,121.9,114.43,70.8,FALSE,212.9,106.32375,42,26.08,144.4781875,8.498716911764705,-82.51325,19.289187499999997,-63.2240625,217,152.51,-64.49000000000001,55,9
tyjae-spears,9508,Tyjae Spears,RB,129.4,114.87,99.1,FALSE,151.2,116.37625,41,26.08,143.76781250000002,8.456930147058825,-83.22362499999997,18.578812500000026,-64.64481249999994,218,177.95,-40.05000000000001,55,9
kevin-coleman,13338,Kevin Coleman,WR,43.6,41.75,26.4,TRUE,0,38.60625,108,104.33,142.93625,8.408014705882353,-84.05518749999999,17.747250000000008,-66.30793749999998,219,NA,NA,55,24
malachi-fields,13285,Malachi Fields,WR,28.3,27.75,67.6,TRUE,0,37.91875,109,104.33,142.24875,8.367573529411764,-84.74268749999999,17.059750000000008,-67.68293749999998,220,209.62,-10.379999999999995,55,24
mason-taylor,12498,Mason Taylor,TE,71.1,0,93.8,FALSE,163.9,80.17999999999999,38,58,142.038,8.355176470588235,-84.95343749999998,16.849000000000018,-68.10443749999996,221,184.12,-36.879999999999995,55,9
woody-marks,12474,Woody Marks,RB,114,114.37,76.3,FALSE,203.6,104.71375,43,26.08,141.7146875,8.336158088235294,-85.27674999999999,16.525687500000004,-68.75106249999999,222,154.46,-67.53999999999999,55,9
shedeur-sanders,12524,Shedeur Sanders,QB,124.82,0,120.12,FALSE,203.9,122.94,34,89,210.734,12.396117647058825,-160.42440000000002,85.54500000000002,-74.8794,223,209.32,-13.680000000000007,56,7
bryce-lance,13420,Bryce Lance,WR,34.4,34.03,31.2,TRUE,0,33.46125,111,104.33,137.79125,8.105367647058824,-89.2001875,12.602249999999998,-76.5979375,224,205,-19,56,24
tyrone-tracy,11655,Tyrone Tracy,RB,73.4,105.95,102.8,FALSE,239.3,92.95625000000001,46,26.08,137.0758125,8.063283088235295,-89.91562499999998,11.886812500000019,-78.02881249999996,225,150.59,-74.41,56,9
savion-williams,12482,Savion Williams,WR,55.9,57.65,10.6,FALSE,34,45.231249999999996,104,104.33,132.2270625,7.778062499999999,-94.764375,7.038062499999995,-87.7263125,226,NA,NA,57,25
elijah-arroyo,12521,Elijah Arroyo,TE,74.4,0,86.7,FALSE,95.4,79.32,39,58,131.03199999999998,7.707764705882352,-95.9594375,5.842999999999989,-90.11643750000002,227,232,5,57,10
cedric-tillman,10444,Cedric Tillman,WR,20.6,51.4,5.1,FALSE,115,28.275,112,104.33,129.96425,7.64495588235294,-97.0271875,4.77525,-92.2519375,228,NA,NA,57,25
brenen-thompson,13380,Brenen Thompson,WR,24.2,22.77,32,TRUE,0,25.61375,113,104.33,129.94375,7.64375,-97.0476875,4.754750000000001,-92.2929375,229,194,-35,57,25
zavion-thomas,13411,Zavion Thomas,WR,27.4,7.13,47.2,TRUE,0,24.74875,115,104.33,129.07875,7.592867647058824,-97.91268749999998,3.8897500000000207,-94.02293749999995,230,NA,NA,57,25
jonathon-brooks,11583,Jonathon Brooks,RB,133.3,124.21,24.3,FALSE,0,102.64125,44,26.08,128.72125,7.571838235294117,-98.27018749999999,3.5322500000000048,-94.73793749999999,231,155.92,-75.08000000000001,57,9
justin-joly,13400,Justin Joly,TE,0,0,69.5,TRUE,0,69.5,42,58,127.5,7.5,-99.49143749999999,2.311000000000007,-97.18043749999998,232,227.33,-4.6699999999999875,57,10
deion-burks,13333,Deion Burks,WR,0,0,22.6,TRUE,0,22.6,117,104.33,126.93,7.466470588235294,-100.06143749999998,1.7410000000000139,-98.32043749999997,233,NA,NA,57,25
ja-tavion-sanders,11600,Ja'Tavion Sanders,TE,94.7,0,46.3,FALSE,79,75.34,40,58,125.189,7.364058823529412,-101.8024375,0,-101.8024375,234,236,2,58,10
cyrus-allen,13413,Cyrus Allen,WR,17,14.17,30.2,TRUE,0,19.23875,118,104.33,123.56875,7.26875,-103.4226875,-1.6202499999999986,-105.0429375,235,NA,NA,58,25
eli-stowers,13349,Eli Stowers,TE,43.3,0,96.9,TRUE,0,64.74000000000001,43,58,122.74000000000001,7.220000000000001,-104.25143749999998,-2.448999999999984,-106.70043749999996,236,161.23,-74.77000000000001,58,10
cj-daniels,13270,CJ Daniels,WR,0,7.78,31.8,TRUE,0,17.388,119,104.33,121.718,7.159882352941176,-105.27343749999999,-3.4709999999999894,-108.74443749999998,237,NA,NA,58,25
jake-tonges,8698,Jake Tonges,TE,39.1,0,85.8,FALSE,154.3,57.78,46,58,121.55799999999999,7.150470588235294,-105.4334375,-3.6310000000000002,-109.0644375,238,189.46,-48.53999999999999,58,10
alvin-kamara,4035,Alvin Kamara,RB,106.8,107.72,42.9,FALSE,141.7,91.16999999999999,47,26.08,120.91749999999998,7.1127941176470575,-106.07393750000001,-4.271500000000017,-110.34543750000003,239,167.04,-71.96000000000001,58,9
jalen-royals,12505,Jalen Royals,WR,40.4,38.02,32.7,FALSE,1.4,37.582499999999996,110,104.33,120.83562499999998,7.107977941176469,-106.15581250000001,-4.353375000000014,-110.50918750000002,240,216,-24,58,25
noah-gray,7828,Noah Gray,TE,71.2,0,71.1,FALSE,72.8,71.16,41,58,120.70599999999999,7.10035294117647,-106.2854375,-4.483000000000004,-110.7684375,241,NA,NA,58,10
devontez-walker,11629,Devontez Walker,WR,28.6,29.64,9.7,FALSE,75.6,24.265,116,104.33,120.64574999999999,7.096808823529411,-106.3456875,-4.5432500000000005,-110.8889375,242,NA,NA,58,25
isiah-pacheco,8205,Isiah Pacheco,RB,119.8,106.9,50.6,FALSE,102.3,97.66250000000001,45,26.08,120.52612500000001,7.08977205882353,-106.46531249999998,-4.6628749999999854,-111.12818749999997,243,184.83,-58.16999999999999,58,9
will-kacmarek,13434,Will Kacmarek,TE,50.5,0,74.1,TRUE,0,59.94,45,58,117.94,6.937647058823529,-109.05143749999999,-7.248999999999995,-116.30043749999999,244,NA,NA,59,10
chris-rodriguez,10219,Chris Rodriguez,RB,66,0,127,FALSE,114,90.4,48,26.08,116.10799999999999,6.829882352941176,-110.8834375,-9.081000000000003,-119.9644375,245,163.98,-81.02000000000001,60,9
tommy-tremble,7694,Tommy Tremble,TE,76,0,38.3,FALSE,99.4,60.92,44,58,115.99199999999999,6.823058823529411,-110.9994375,-9.197000000000003,-120.1964375,246,NA,NA,60,10
colbie-young,13477,Colbie Young,WR,5.8,7.87,25.5,TRUE,0,11.501249999999999,120,104.33,115.83125,6.8136029411764705,-111.16018749999999,-9.357749999999996,-120.51793749999999,247,NA,NA,60,26
efton-chism,12542,Efton Chism,WR,0,0,25.2,FALSE,36,25.2,114,104.33,115.5005,6.79414705882353,-111.49093749999999,-9.68849999999999,-121.17943749999998,248,NA,NA,60,26
malik-benson,13329,Malik Benson,WR,10.9,0,0,TRUE,0,10.9,121,104.33,115.23,6.778235294117647,-111.76143749999999,-9.958999999999989,-121.72043749999997,249,NA,NA,60,26
noah-fant,5857,Noah Fant,TE,55.5,0,44.1,FALSE,142.8,50.94,47,58,114.01899999999999,6.707,-112.9724375,-11.170000000000002,-124.1424375,250,NA,NA,61,10
tyler-allgeier,8132,Tyler Allgeier,RB,78.1,88.55,69.8,FALSE,151.5,79.94375,52,26.08,112.84518749999998,6.6379522058823515,-114.14625000000001,-12.343812500000013,-126.49006250000002,251,148.46,-102.53999999999999,62,9
justice-hill,5995,Justice Hill,RB,94.7,99,45,FALSE,88.2,83.8875,49,26.08,106.702375,6.276610294117647,-120.28906249999999,-18.48662499999999,-138.77568749999998,252,214,-38,63,9
dylan-sampson,12469,Dylan Sampson,RB,70.4,92.22,79.2,FALSE,102.1,80.7825,51,26.08,106.148125,6.244007352941176,-120.8433125,-19.040875,-139.8841875,253,175.07,-77.93,63,9
john-michael-gyllenborg,13342,John Michael Gyllenborg,TE,0,0,45.9,TRUE,0,45.9,48,58,103.9,6.111764705882353,-123.09143749999998,-21.288999999999987,-144.38043749999997,254,NA,NA,63,11
brian-robinson,8154,Brian Robinson,RB,90.4,90.56,63.4,FALSE,68,83.71000000000001,50,26.08,103.5215,6.0895,-123.46993749999999,-21.66749999999999,-145.13743749999998,255,138.75,-116.25,63,9
samaje-perine,4147,Samaje Perine,RB,91.7,91.38,29.2,FALSE,100.4,75.955,54,26.08,101.78975,5.987632352941176,-125.20168749999999,-23.399249999999995,-148.6009375,256,233,-23,63,9
eli-raridon,13421,Eli Raridon,TE,45.1,0,40,TRUE,0,43.06,49,58,101.06,5.944705882352942,-125.93143749999999,-24.12899999999999,-150.06043749999998,257,229.67,-27.330000000000013,63,11
ty-johnson,6039,Ty Johnson,RB,71.7,83.99,47.3,FALSE,117.8,70.20875,55,26.08,99.51543749999999,5.8538492647058815,-127.476,-25.673562500000003,-153.1495625,258,223,-35,63,9
michael-trigg,13401,Michael Trigg,TE,0,0,40.8,TRUE,0,40.8,50,58,98.8,5.811764705882353,-128.1914375,-26.388999999999996,-154.58043750000002,259,224,-35,63,11
elijah-moore,7596,Elijah Moore,WR,0,0,0,FALSE,57.1,0,123,104.33,97.24549999999999,5.720323529411765,-129.7459375,-27.9435,-157.6894375,260,NA,NA,63,27
jaren-kanak,13422,Jaren Kanak,TE,0,0,38.1,TRUE,0,38.1,51,58,96.1,5.652941176470588,-130.8914375,-29.089,-159.9804375,261,NA,NA,63,11
jordan-james,12467,Jordan James,RB,56.4,87.78,54.2,FALSE,0,67.6175,57,26.08,93.6975,5.511617647058824,-133.29393749999997,-31.491499999999988,-164.78543749999994,262,231,-31,64,10
xavier-restrepo,12520,Xavier Restrepo,WR,0,0,3.8,FALSE,7.1,3.8,122,104.33,92.9755,5.46914705882353,-134.0159375,-32.213499999999996,-166.22943750000002,263,NA,NA,64,27
keaton-mitchell,9511,Keaton Mitchell,RB,56.6,66.16,89.9,FALSE,69.4,68.51,56,26.08,90.8115,5.34185294117647,-136.1799375,-34.3775,-170.5574375,264,177.64,-86.36000000000001,64,10
max-klare,13278,Max Klare,TE,9.8,0,67.1,TRUE,0,32.72,53,58,90.72,5.336470588235294,-136.2714375,-34.468999999999994,-170.74043749999998,265,212.6,-52.400000000000006,64,11
braelon-allen,11576,Braelon Allen,RB,81.5,88.61,48.8,FALSE,18.3,75.99125,53,26.08,89.5055625,5.265033088235294,-137.485875,-35.6834375,-173.1693125,266,190.41,-75.59,64,10
mike-washington,13305,Mike Washington,RB,58.5,71.19,57.5,TRUE,0,63.00875,58,26.08,89.08875,5.240514705882354,-137.90268749999998,-36.10024999999999,-174.00293749999997,267,186.05,-80.94999999999999,64,10
charlie-kolar,8127,Charlie Kolar,TE,23.8,0,46.4,FALSE,71.7,32.84,52,58,87.969,5.174647058823529,-139.0224375,-37.22,-176.2424375,268,NA,NA,64,11
tank-bigsby,9225,Tank Bigsby,RB,60.2,66.32,55.2,FALSE,90.8,61.245000000000005,59,26.08,87.84625000000001,5.167426470588236,-139.14518749999996,-37.34274999999998,-176.48793749999993,269,189.86,-79.13999999999999,64,10
emari-demercado,11199,Emari Demercado,RB,56.3,77.64,28.6,FALSE,109.3,57.3775,60,26.08,87.33387499999999,5.137286764705882,-139.65756249999998,-37.855125,-177.51268749999997,270,NA,NA,64,10
kimani-vidal,11647,Kimani Vidal,RB,31.6,55.28,32.2,FALSE,196.9,40.63,68,26.08,86.2385,5.072852941176471,-140.75293749999997,-38.95049999999999,-179.70343749999995,271,195.33,-75.66999999999999,64,10
oscar-delp,13319,Oscar Delp,TE,9.6,0,47.9,TRUE,0,24.92,55,58,82.92,4.87764705882353,-144.0714375,-42.26899999999999,-186.3404375,272,NA,NA,65,11
grant-calcaterra,8177,Grant Calcaterra,TE,0,0,30.6,FALSE,31.6,30.6,54,58,80.04999999999998,4.708823529411764,-146.9414375,-45.13900000000001,-192.08043750000002,273,NA,NA,66,11
tanner-koziol,13408,Tanner Koziol,TE,9.7,0,39.8,TRUE,0,21.74,56,58,79.74,4.6905882352941175,-147.2514375,-45.449,-192.70043750000002,274,NA,NA,66,11
kirk-cousins,1166,Kirk Cousins,QB,58.42,0,56.16,FALSE,177.04,57.516,35,89,151.09459999999999,8.887917647058822,-220.06380000000004,25.905599999999993,-194.15820000000005,275,211.74,-63.25999999999999,66,8
marshawn-lloyd,11581,MarShawn Lloyd,RB,61.1,59.37,22.1,FALSE,0,50.70125,63,26.08,76.78125,4.516544117647059,-150.2101875,-48.40774999999999,-198.61793749999998,276,216,-60,66,11
kaelon-black,13414,Kaelon Black,RB,29.5,73.75,39.3,TRUE,0,48.54375,64,26.08,74.62375,4.3896323529411765,-152.3676875,-50.56524999999999,-202.93293749999998,277,225.67,-51.33000000000001,66,11
james-conner,4137,James Conner,RB,0,52.6,55.8,FALSE,33.8,53.88,61,26.08,73.036,4.296235294117647,-153.9554375,-52.15299999999999,-206.10843749999998,278,152.96,-125.03999999999999,67,11
chris-brooks,11370,Chris Brooks,RB,40.9,60.38,53.6,FALSE,30.2,51.38,62,26.08,70.37100000000001,4.1394705882352945,-156.62043749999998,-54.817999999999984,-211.43843749999996,279,219,-60,68,11
sean-tucker,9506,Sean Tucker,RB,30.2,27.09,50.5,FALSE,124.9,34.10875,75,26.08,69.8954375,4.111496323529412,-157.096,-55.29356249999999,-212.3895625,280,201.47,-78.53,68,11
jj-mccarthy,11565,J.J. McCarthy,QB,52.36,0,22.62,FALSE,209.38,40.464,38,89,141.45139999999998,8.320670588235293,-229.70700000000005,16.262399999999985,-213.44460000000007,281,208.7,-72.30000000000001,68,8
emmett-johnson,13337,Emmett Johnson,RB,42.4,32.22,61.2,TRUE,0,43.2825,66,26.08,69.3625,4.080147058823529,-157.6289375,-55.826499999999996,-213.45543750000002,282,166.63,-115.37,68,11
emanuel-wilson,11435,Emanuel Wilson,RB,6.3,48.21,51,FALSE,124,33.19125,76,26.08,68.98056249999999,4.057680147058823,-158.010875,-56.2084375,-214.2193125,283,208.22,-74.78,68,11
malik-davis,8800,Malik Davis,RB,30.2,67.35,27.4,FALSE,64.1,43.43125,65,26.08,68.69956249999998,4.041150735294117,-158.291875,-56.48943750000001,-214.7813125,284,NA,NA,68,11
carson-beck,13272,Carson Beck,QB,38.82,0,70.92,TRUE,0,51.660000000000004,36,89,140.66,8.274117647058823,-230.49840000000003,15.471000000000004,-215.02740000000003,285,209.8,-75.19999999999999,68,8
jaylen-wright,11643,Jaylen Wright,RB,38.4,48.3,41.1,FALSE,66.2,42.787499999999994,67,26.08,68.46737499999999,4.027492647058823,-158.5240625,-56.721625,-215.24568750000003,286,226.85,-59.150000000000006,68,11
ray-davis,11575,Ray Davis,RB,29.8,32.68,53.5,FALSE,83.1,36.805,73,26.08,65.91725,3.8774852941176468,-161.0741875,-59.27175,-220.3459375,287,215.72,-71.28,69,12
adam-randall,13302,Adam Randall,RB,23,62.24,26.1,TRUE,0,38.49,71,26.08,64.57,3.7982352941176467,-162.4214375,-60.619,-223.0404375,288,NA,NA,69,12
jonah-coleman,13345,Jonah Coleman,RB,38.1,24.16,56.9,TRUE,0,37.572500000000005,72,26.08,63.6525,3.7442647058823533,-163.3389375,-61.53649999999999,-224.87543749999998,289,163.63,-125.37,69,12
joe-flacco,19,Joe Flacco,QB,12.66,0,36.72,FALSE,256.66,22.284,41,89,133.0904,7.828847058823529,-238.06800000000004,7.901399999999995,-230.16660000000005,290,235,-55,70,9
lequint-allen,12544,LeQuint Allen,RB,35.2,0,47.2,FALSE,22.3,40,69,26.08,59.513,3.500764705882353,-167.47843749999998,-65.67599999999999,-233.15443749999997,291,223,-68,70,13
jaydon-blue,12457,Jaydon Blue,RB,43.2,33.52,41.4,FALSE,22.9,39.120000000000005,70,26.08,58.855000000000004,3.462058823529412,-168.1364375,-66.33399999999999,-234.4704375,292,228.3,-63.69999999999999,70,13
mac-jones,7527,Mac Jones,QB,12.04,0,36.72,FALSE,237.54,21.912,42,89,129.9062,7.641541176470589,-241.25220000000002,4.71720000000002,-236.535,293,218.05,-74.94999999999999,70,9
ollie-gordon,12495,Ollie Gordon,RB,31.1,30.44,21.7,FALSE,69.6,28.5025,81,26.08,56.83512499999999,3.343242647058823,-170.1563125,-68.353875,-238.51018750000003,294,NA,NA,70,13
nicholas-singleton,13288,Nicholas Singleton,RB,19.3,18.28,59.7,TRUE,0,29.017500000000002,80,26.08,55.0975,3.2410294117647056,-171.8939375,-70.0915,-241.9854375,295,197.3,-97.69999999999999,70,14
rasheen-ali,11570,Rasheen Ali,RB,0,0,32.7,FALSE,30.7,32.7,78,26.08,54.568,3.209882352941176,-172.42343749999998,-70.621,-243.04443749999996,296,NA,NA,70,14
j-mari-taylor,13348,J'Mari Taylor,RB,0,0,28.2,TRUE,0,28.2,82,26.08,54.28,3.192941176470588,-172.7114375,-70.90899999999999,-243.62043749999998,297,NA,NA,70,14
justin-fields,7591,Justin Fields,QB,13.1,0,42.72,FALSE,195.66,24.948,40,89,126.2048,7.423811764705882,-244.95360000000002,1.015800000000013,-243.9378,298,222.11,-75.88999999999999,70,9
george-holani,12048,George Holani,RB,38.6,37.44,23.2,FALSE,18.3,34.315,74,26.08,54.080749999999995,3.181220588235294,-172.9106875,-71.10825,-244.0189375,299,222,-77,70,14
trey-benson,11589,Trey Benson,RB,0,0,27.7,FALSE,41.9,27.7,83,26.08,51.998,3.058705882352941,-174.9934375,-73.191,-248.1844375,300,176.8,-123.19999999999999,71,15
roschon-johnson,10235,Roschon Johnson,RB,0,32.8,0,FALSE,2.2,32.8,77,26.08,50.37799999999999,2.963411764705882,-176.6134375,-74.811,-251.4244375,301,NA,NA,72,16
demond-claiborne,13347,Demond Claiborne,RB,22.4,22.19,27.8,TRUE,0,23.67125,84,26.08,49.75125,2.9265441176470586,-177.2401875,-75.43775,-252.67793749999998,302,213.1,-88.9,72,16
dj-giddens,12471,DJ Giddens,RB,30.3,31.92,27,FALSE,12.1,30.082500000000003,79,26.08,49.553124999999994,2.9148897058823526,-177.4383125,-75.635875,-253.0741875,303,NA,NA,72,16
audric-estime,11579,Audric Estime,RB,0,22.1,21.1,FALSE,59.1,21.700000000000003,87,26.08,49.478,2.9104705882352944,-177.51343749999998,-75.71099999999998,-253.22443749999996,304,238,-66,72,16
jam-miller,13403,Jam Miller,RB,0,25.1,18.9,TRUE,0,22.62,85,26.08,48.7,2.864705882352941,-178.29143749999997,-76.48899999999999,-254.78043749999995,305,NA,NA,72,16
kaytron-allen,13405,Kaytron Allen,RB,10,19.98,43.9,TRUE,0,22.2175,86,26.08,48.2975,2.8410294117647057,-178.6939375,-76.8915,-255.5854375,306,194.38,-111.62,72,16
drew-allar,13289,Drew Allar,QB,0,0,30.02,TRUE,0,30.02,39,89,119.02,7.001176470588235,-252.13840000000005,-6.168999999999997,-258.30740000000003,307,NA,NA,72,9
seth-mcgowan,13424,Seth McGowan,RB,10.1,21.8,29.3,TRUE,0,19.2875,89,26.08,45.3675,2.668676470588235,-181.62393749999998,-79.82149999999999,-261.44543749999997,308,NA,NA,73,17
elijah-mitchell,7561,Elijah Mitchell,RB,0,25.1,8.3,FALSE,0,18.380000000000003,90,26.08,44.46,2.6152941176470588,-182.53143749999998,-80.728999999999985,-263.26043749999997,309,NA,NA,73,17
kendre-miller,9757,Kendre Miller,RB,5.5,38.43,4.6,FALSE,35.3,17.623749999999998,91,26.08,42.4431875,2.4966580882352942,-184.54825,-82.7458125,-267.2940625,310,234.83,-75.16999999999999,73,17
dameon-pierce,8129,Dameon Pierce,RB,0,22.1,20.3,FALSE,4.1,21.380000000000003,88,26.08,40.956,2.4091764705882355,-186.0354375,-84.23299999999999,-270.2684375,311,NA,NA,73,17
spencer-rattler,11562,Spencer Rattler,QB,12.82,0,15.68,FALSE,167.14,13.964,51,89,112.59039999999999,6.622964705882352,-258.56800000000004,-12.598600000000005,-271.1666,312,NA,NA,73,9
anthony-richardson,9229,Anthony Richardson,QB,0,0,42.54,FALSE,2.66,42.54,37,89,112.20799999999998,6.600470588235293,-258.95040000000006,-12.981000000000009,-271.93140000000005,313,213.57,-99.43,73,9
cade-klubnik,13303,Cade Klubnik,QB,12.42,0,30,TRUE,0,19.451999999999998,43,89,108.452,6.379529411764706,-262.70640000000003,-16.736999999999995,-279.4434,314,NA,NA,74,9
kaleb-johnson,12504,Kaleb Johnson,RB,3.6,4.78,29.5,FALSE,9.3,10.5175,92,26.08,32.502874999999996,1.9119338235294114,-194.4885625,-92.686125,-287.1746875,315,225.76,-89.24000000000001,75,18
diego-pavia,13427,Diego Pavia,QB,0,0,15.52,TRUE,0,15.52,45,89,104.52,6.148235294117647,-266.63840000000005,-20.668999999999997,-287.30740000000003,316,NA,NA,75,10
tyrod-taylor,827,Tyrod Taylor,QB,12.64,0,15.9,FALSE,105.96,13.944,52,89,103.3964,6.082141176470588,-267.76200000000006,-21.792599999999993,-289.55460000000005,317,NA,NA,76,10
ty-simpson,13275,Ty Simpson,QB,12.34,0,16.62,TRUE,0,14.052,48,89,103.05199999999999,6.061882352941176,-268.1064,-22.137,-290.2434,318,195.04,-122.96000000000001,76,10
tommy-devito,11292,Tommy DeVito,QB,12.9,0,15.38,FALSE,0,13.892,53,89,102.892,6.052470588235294,-268.26640000000003,-22.296999999999997,-290.5634,319,NA,NA,76,10
dillon-gabriel,12486,Dillon Gabriel,QB,0,0,14.86,FALSE,90.08,14.86,46,89,101.79299999999999,5.987823529411764,-269.3654,-23.396,-292.76140000000004,320,NA,NA,76,11
jameis-winston,2306,Jameis Winston,QB,12.82,0,15.86,FALSE,93.78,14.036,49,89,101.64760000000001,5.979270588235295,-269.5108,-23.54139999999998,-293.05219999999997,321,230,-91,76,11
jake-browning,6111,Jake Browning,QB,13.02,0,0,FALSE,98.74,13.020000000000001,57,89,101.52799999999999,5.972235294117646,-269.6304,-23.661,-293.2914,322,NA,NA,76,11
eli-heidenreich,13423,Eli Heidenreich,RB,0,0,0,TRUE,0,0,93,26.08,26.08,1.5341176470588234,-200.91143749999998,-99.109,-300.02043749999996,323,221,-102,77,18
tyler-huntley,7083,Tyler Huntley,QB,12.06,0,15.68,FALSE,49.64,13.508,54,89,94.5778,5.5634,-276.5806,-30.611199999999997,-307.1918,324,NA,NA,78,12
andy-dalton,829,Andy Dalton,QB,0,0,14.82,FALSE,17.52,14.82,47,89,90.87499999999999,5.345588235294117,-280.28340000000003,-34.31400000000001,-314.59740000000005,325,NA,NA,79,13
jalen-milroe,12510,Jalen Milroe,QB,0,0,16.86,FALSE,0.4,16.86,44,89,90.041,5.2965294117647055,-281.11740000000003,-35.147999999999996,-316.2654,326,235.8,-90.19999999999999,79,13
sam-howell,8162,Sam Howell,QB,0,0,0,FALSE,0,0,60,89,89,5.235294117647059,-282.15840000000003,-36.18899999999999,-318.3474,327,NA,NA,79,13
kenny-pickett,8160,Kenny Pickett,QB,12.52,0,0,FALSE,17.22,12.520000000000001,58,89,88.87499999999999,5.227941176470587,-282.28340000000003,-36.31400000000001,-318.59740000000005,328,NA,NA,79,13
jarrett-stidham,6136,Jarrett Stidham,QB,13.14,0,15.22,FALSE,-0.1,13.972000000000001,50,89,87.5112,5.1477176470588235,-283.6472,-37.67779999999999,-321.325,329,NA,NA,79,13
teddy-bridgewater,2152,Teddy Bridgewater,QB,12.54,0,14.58,FALSE,2.88,13.355999999999998,55,89,87.43459999999999,5.143211764705882,-283.72380000000004,-37.754400000000004,-321.4782,330,NA,NA,79,13
kyle-allen,5127,Kyle Allen,QB,11.82,0,15,FALSE,-0.3,13.092,56,89,86.7332,5.101952941176471,-284.4252,-38.455799999999996,-322.88100000000003,331,NA,NA,79,13
drew-lock,5854,Drew Lock,QB,11.86,0,0,FALSE,0.1,11.86,59,89,85.746,5.043882352941176,-285.41240000000005,-39.443,-324.85540000000003,332,NA,NA,79,13
